ATS,Building_C,Location_C,Name,Geographic,Latitude,Longitude,latitude,longitude
01M015,M015,M015,P.S. 015 Roberto Clemente,1,40.722075,-73.978747,4971433.816200003,-8235276.445599999
01M020,M020,M020,P.S. 020 Anna Silver,1,40.721305,-73.986312,4971320.717600003,-8236118.577500001
01M034,M034,M034,P.S. 034 Franklin D. Roosevelt,1,40.726008,-73.975058,4972011.520800002,-8234865.788000001
01M063,M063,M063,The STAR Academy - P.S.63,1,40.72444,-73.986214,4971781.198600002,-8236107.668199999
01M064,M064,M064,P.S. 064 Robert Simon,1,40.72313,-73.981597,4971588.778099999,-8235593.7061
01M110,M110,M110,P.S. 110 Florence Nightingale,1,40.7162,-73.9798,4970570.921599999,-8235393.664999999
01M134,M134,M134,P.S. 134 Henrietta Szold,1,40.714248,-73.983854,4970284.237199999,-8235844.9542
01M140,M140,M140,P.S. 140 Nathan Straus,1,40.719148,-73.983769,4971003.901600003,-8235835.492000001
01M142,M142,M142,P.S. 142 Amalia Castro,1,40.718121,-73.984116,4970853.061399996,-8235874.119899999
01M184,M137,M184,P.S. 184m Shuang Wen,1,40.711125,-73.985438,4969825.5889,-8236021.2842999995
01M188,M188,M188,P.S. 188 The Island School,1,40.719888,-73.97738,4971112.5901999995,-8235124.2718
01M292,M056,M292,Orchard Collegiate Academy,1,40.713362,-73.986051,4970154.115800001,-8236089.5231
01M315,M019,M315,The East Village Community School,1,40.730009,-73.984496,4972599.248599999,-8235916.4213
01M332,M056,M332,University Neighborhood Middle School,1,40.713362,-73.986051,4970154.115800001,-8236089.5231
01M361,M061,M361,The Children's Workshop School,1,40.727537,-73.978254,4972236.119400002,-8235221.565099999
01M363,M063,M363,Neighborhood School,1,40.72444,-73.986214,4971781.198600002,-8236107.668199999
01M364,M064,M364,Earth School,1,40.72313,-73.981597,4971588.778099999,-8235593.7061
01M378,M025,M378,School for Global Leaders,1,40.72004,-73.986038,4971134.915600002,-8236088.075999999
01M448,M446,M448,University Neighborhood High School,1,40.712269,-73.984128,4969993.595899999,-8235875.455700001
01M450,M060,M450,East Side Community School,1,40.729152,-73.982472,4972473.356399998,-8235691.1107
01M458,M510,M458,Forsyth Satellite Academy,1,40.722415,-73.990468,4971483.756200001,-8236581.2213
01M515,M025,M515,Lower East Side Preparatory High School,1,40.72004,-73.986038,4971134.915600002,-8236088.075999999
01M539,M022,M539,"New Explorations into Science, Technology and Math",1,40.719416,-73.979581,4971043.264300004,-8235369.286
01M650,M510,M650,Cascades High School,1,40.722415,-73.990468,4971483.756200001,-8236581.2213
01M696,M097,M696,Bard High School Early College,1,40.718276,-73.976093,4970875.826800004,-8234981.0035999995
01M839,M064,M839,Tompkins Square Middle School,1,40.72313,-73.981597,4971588.778099999,-8235593.7061
02M001,M001,M001,P.S. 001 Alfred E. Smith,2,40.71255,-73.997478,4970034.863799997,-8237361.570900001
02M002,M002,M002,P.S. 002 Meyer London,2,40.712907,-73.991523,4970087.293399997,-8236698.6634
02M003,M003,M003,P.S. 003 Charrette School,2,40.732603,-74.005949,4972980.3138,-8238304.5583999995
02M006,M006,M006,P.S. 006 Lillie D. Blake,2,40.777737,-73.960427,4979612.992200002,-8233237.0725
02M011,M011,M011,P.S. 011: The Sarah J. Garnet Elementary School,2,40.744186,-74.000743,4974682.067100003,-8237725.029100001
02M033,M033,M033,P.S. 033 Chelsea Prep,2,40.749014,-74.000238,4975391.4755000025,-8237668.8127
02M040,M040,M040,P.S. 040 Augustus Saint-Gaudens,2,40.735328,-73.981536,4973380.639200002,-8235586.9156
02M041,M041,M041,P.S. 041 Greenwich Village,2,40.73545,-73.999094,4973398.562399998,-8237541.463199999
02M042,M042,M042,P.S. 042 Benjamin Altman,2,40.716126,-73.990826,4970560.053300001,-8236621.0737
02M047,M047,M047,47 The American Sign Language and English Secondar,2,40.738374,-73.981329,4973828.141599998,-8235563.8725000005
02M051,M338,M051,P.S. 051 Elias Howe,2,40.761487,-73.995825,4977224.450499997,-8237177.559800001
02M059,M488,M059,P.S. 059 Beekman Hill International,2,40.759248,-73.967204,4976895.391999997,-8233991.4847
02M077,M198,M077,P.S. 77 Lower Lab School,2,40.785018,-73.95042,4980683.395400003,-8232123.098300001
02M089,M089,M089,P.S. 89,2,40.71701,-74.013967,4970689.886399999,-8239197.118000001
02M104,M104,M104,J.H.S. 104 Simon Baruch,2,40.735879,-73.981034,4973461.587700002,-8235531.0331999995
02M111,M111,M111,P.S. 111 Adolph S. Ochs,2,40.76588,-73.989776,4977870.1076000035,-8236504.188200001
02M114,M114,M114,East Side Middle School,2,40.780452,-73.947379,4980012.1193,-8231784.5758
02M116,M116,M116,P.S. 116 Mary Lindley Murray,2,40.744511,-73.977906,4974729.819700003,-8235182.8259
02M124,M124,M124,P.S. 124 Yung Wing,2,40.715097,-73.996017,4970408.926299997,-8237198.9332
02M126,M126,M126,P.S. 126 Jacob August Riis,2,40.710651,-73.99742,4969755.978500001,-8237355.114399999
02M130,M130,M130,P.S. 130 Hernando De Soto,2,40.71866,-73.998326,4970932.226499997,-8237455.969900001
02M131,M131,M131,M.S. 131,2,40.716231,-73.993607,4970575.474600002,-8236930.6532000005
02M135,M520,M135,The Urban Assembly Early College High School of Em,2,40.711441,-74.000851,4969871.996100001,-8237737.0516
02M139,M625,M139,Stephen T. Mather Building Arts & Craftsmanship Hi,2,40.763655,-73.990318,4977543.085000001,-8236564.523399999
02M150,M464,M150,P.S. 150,2,40.707355,-74.01358,4969271.949900001,-8239154.0374
02M151,M066,M151,Yorkville Community School,2,40.777948,-73.947287,4979644.010300003,-8231774.3344
02M158,M158,M158,P.S. 158 Bayard Taylor,2,40.770215,-73.950745,4978507.281999998,-8232159.2772
02M167,M167,M167,J.H.S. 167 Robert F. Wagner,2,40.771541,-73.957827,4978702.190700002,-8232947.641799999
02M177,M158,M177,Yorkville East Middle School,2,40.770215,-73.950745,4978507.281999998,-8232159.2772
02M183,M183,M183,P.S. 183 Robert L. Stevenson,2,40.763804,-73.957731,4977564.984099999,-8232936.9551
02M198,M198,M198,P.S. 198 Isador E. Ida Straus,2,40.785018,-73.95042,4980683.395400003,-8232123.098300001
02M212,M017,M212,P.S. 212 Midtown West,2,40.761327,-73.988665,4977200.935500003,-8236380.5123
02M217,M271,M217,P.S./I.S. 217 Roosevelt Island,2,40.753598,-73.956435,4976065.0792,-8232792.6851
02M225,M480,M225,Ella Baker School,2,40.765638,-73.959777,4977834.538800001,-8233164.7148
02M234,M234,M234,P.S. 234 Independence School,2,40.71953,-74.01088,4971060.008299999,-8238853.4748
02M255,M040,M255,M.S. 255 Salk School of Science,2,40.735328,-73.981536,4973380.639200002,-8235586.9156
02M260,M868,M260,The Clinton School,2,40.736526,-73.992727,4973556.640600003,-8236832.692
02M267,M267,M267,"East Side Elementary School, PS 267",2,40.763883,-73.963861,4977576.5951000005,-8233619.343599999
02M276,M276,M276,Battery Park City School,2,40.706384,-74.017456,4969129.359899998,-8239585.511700001
02M280,M520,M280,Manhattan Early College School for Advertising,2,40.711441,-74.000851,4969871.996100001,-8237737.0516
02M281,M281,M281,The River School,2,40.744288,-73.972592,4974697.053999998,-8234591.2741
02M282,M520,M282,Urban Assembly Maker Academy,2,40.711441,-74.000851,4969871.996100001,-8237737.0516
02M288,M535,M288,Food and Finance High School,2,40.765474,-73.9927,4977810.434299998,-8236829.6864
02M289,M089,M289,I.S. 289,2,40.71701,-74.013967,4970689.886399999,-8239197.118000001
02M290,M190,M290,P.S. 290 Manhattan New School,2,40.775181,-73.952777,4979237.254199997,-8232385.478399999
02M294,M445,M294,Essex Street Academy,2,40.717329,-73.989329,4970736.738399997,-8236454.428400001
02M296,M535,M296,High School of Hospitality Management,2,40.765474,-73.9927,4977810.434299998,-8236829.6864
02M297,M323,M297,M.S. 297,2,40.731006,-74.007192,4972745.708700001,-8238442.9285
02M298,M131,M298,Pace High School,2,40.716231,-73.993607,4970575.474600002,-8236930.6532000005
02M300,M535,M300,"Urban Assembly School of Design and Construction,",2,40.765474,-73.9927,4977810.434299998,-8236829.6864
02M303,M535,M303,"Facing History School, The",2,40.765474,-73.9927,4977810.434299998,-8236829.6864
02M305,M445,M305,"Urban Assembly Academy of Government and Law, The",2,40.717329,-73.989329,4970736.738399997,-8236454.428400001
02M308,M445,M308,Lower Manhattan Arts Academy,2,40.717329,-73.989329,4970736.738399997,-8236454.428400001
02M312,M070,M312,New York City Lab Middle School for Collaborative,2,40.742512,-74.002222,4974436.107699998,-8237889.670600001
02M313,M440,M313,"James Baldwin School, The: A School for Expedition",2,40.743407,-74.00254,4974567.608499996,-8237925.0702
02M316,M282,M316,"Urban Assembly School of Business for Young Women,",2,40.705688,-74.013303,4969027.154600002,-8239123.2019
02M340,M340,M340,Sixth Avenue Elementary School,2,40.739145,-73.995534,4973941.416100003,-8237145.165899999
02M343,M343,M343,The Peck Slip School,2,40.708774,-74.002407,4969480.331900001,-8237910.264699999
02M347,M047,M347,The 47 American Sign Language & English Lower Scho,2,40.738374,-73.981329,4973828.141599998,-8235563.8725000005
02M374,M460,M374,Gramercy Arts High School,2,40.735361,-73.987064,4973385.487300001,-8236202.289799999
02M376,M615,M376,NYC iSchool,2,40.72463,-74.005058,4971809.107299998,-8238205.3727
02M391,M391,M391,District 2 Pre-K Center,2,40.704892,-74.015929,4968910.265900001,-8239415.526900001
02M392,M440,M392,Manhattan Business Academy,2,40.743407,-74.00254,4974567.608499996,-8237925.0702
02M393,M625,M393,Business Of Sports School,2,40.763655,-73.990318,4977543.085000001,-8236564.523399999
02M394,M131,M394,Emma Lazarus High School,2,40.716231,-73.993607,4970575.474600002,-8236930.6532000005
02M395,M894,M395,A School Without Walls,2,40.708971,-74.012465,4969509.2619,-8239029.916200001
02M397,M971,M397,Spruce Street School,2,40.711321,-74.005473,4969854.373099998,-8238251.5703
02M399,M460,M399,The High School For Language And Diplomacy,2,40.735361,-73.987064,4973385.487300001,-8236202.289799999
02M400,M834,M400,High School for Environmental Studies,2,40.767848,-73.98861,4978159.366400003,-8236374.389699999
02M407,M475,M407,Institute for Collaborative Education,2,40.732665,-73.98259,4972989.421899997,-8235704.2464000005
02M408,M017,M408,Professional Performing Arts High School,2,40.761327,-73.988665,4977200.935500003,-8236380.5123
02M411,M874,M411,Baruch College Campus High School,2,40.741888,-73.985723,4974344.425499998,-8236053.010299999
02M412,M070,M412,N.Y.C. Lab School for Collaborative Studies,2,40.742512,-74.002222,4974436.107699998,-8237889.670600001
02M413,M660,M413,School of the Future High School,2,40.739121,-73.985323,4973937.890000001,-8236008.4825
02M414,M070,M414,N.Y.C. Museum School,2,40.742512,-74.002222,4974436.107699998,-8237889.670600001
02M416,M855,M416,Eleanor Roosevelt High School,2,40.770288,-73.953276,4978518.012199998,-8232441.026799999
02M418,M824,M418,Millennium High School,2,40.704697,-74.011202,4968881.631300002,-8238889.319599999
02M419,M440,M419,Landmark High School,2,40.743407,-74.00254,4974567.608499996,-8237925.0702
02M420,M475,M420,High School for Health Professions and Human Servi,2,40.732665,-73.98259,4972989.421899997,-8235704.2464000005
02M422,M440,M422,Quest to Learn,2,40.743407,-74.00254,4974567.608499996,-8237925.0702
02M425,M894,M425,Leadership and Public Service High School,2,40.708971,-74.012465,4969509.2619,-8239029.916200001
02M427,M620,M427,Manhattan Academy For Arts & Language,2,40.74651,-73.98107,4975023.540600002,-8235535.0407
02M432,M620,M432,Murray Hill Academy,2,40.74651,-73.98107,4975023.540600002,-8235535.0407
02M437,M440,M437,Hudson High School of Learning Technologies,2,40.743407,-74.00254,4974567.608499996,-8237925.0702
02M438,M460,M438,International High School at Union Square,2,40.735361,-73.987064,4973385.487300001,-8236202.289799999
02M439,M873,M439,Manhattan Village Academy,2,40.741963,-73.991966,4974355.445,-8236747.9779
02M442,M905,M442,"Ballet Tech, NYC Public School for Dance",2,40.738521,-73.989481,4973849.738600001,-8236471.348999999
02M449,M480,M449,Vanguard High School,2,40.765638,-73.959777,4977834.538800001,-8233164.7148
02M459,M480,M459,Manhattan International High School,2,40.765638,-73.959777,4977834.538800001,-8233164.7148
02M475,M477,M475,Stuyvesant High School,2,40.718025,-74.013921,4970838.961599998,-8239191.997300001
02M489,M833,M489,High School of Economics and Finance,2,40.70927,-74.012328,4969553.171099998,-8239014.6654
02M500,M620,M500,Unity Center for Urban Technologies,2,40.74651,-73.98107,4975023.540600002,-8235535.0407
02M507,M625,M507,Urban Assembly Gateway School for Technology,2,40.763655,-73.990318,4977543.085000001,-8236564.523399999
02M519,M480,M519,Talent Unlimited High School,2,40.765638,-73.959777,4977834.538800001,-8233164.7148
02M520,M520,M520,Murry Bergtraum High School for Business Careers,2,40.711441,-74.000851,4969871.996100001,-8237737.0516
02M527,M816,M527,P.S. 527 - East Side School for Social Action,2,40.780652,-73.947856,4980041.521600001,-8231837.6752
02M529,M486,M529,Jacqueline Kennedy Onassis High School,2,40.757626,-73.98346,4976657.0189,-8235801.0943
02M531,M896,M531,Repertory Company High School for Theatre Arts,2,40.756089,-73.984381,4976431.1428999975,-8235903.6196
02M533,M460,M533,Union Square Academy for Health Sciences,2,40.735361,-73.987064,4973385.487300001,-8236202.289799999
02M534,M883,M534,Harvest Collegiate High School,2,40.736416,-73.995731,4973540.480099998,-8237167.095799999
02M542,M535,M542,Manhattan Bridges High School,2,40.765474,-73.9927,4977810.434299998,-8236829.6864
02M543,M445,M543,New Design High School,2,40.717329,-73.989329,4970736.738399997,-8236454.428400001
02M544,M834,M544,Independence High School,2,40.767848,-73.98861,4978159.366400003,-8236374.389699999
02M545,M445,M545,High School for Dual Language and Asian Studies,2,40.717329,-73.989329,4970736.738399997,-8236454.428400001
02M546,M460,M546,Academy for Software Engineering,2,40.735361,-73.987064,4973385.487300001,-8236202.289799999
02M550,M451,M550,Liberty High School Academy for Newcomers,2,40.74182,-74.000238,4974334.434600003,-8237668.8127
02M551,M877,M551,Urban Assembly New York Harbor School,2,40.689493,-74.018941,4966649.272600003,-8239750.8212
02M560,M641,M560,High School M560 - City As School,2,40.729052,-74.006155,4972458.666699998,-8238327.4902
02M565,M480,M565,Urban Academy Laboratory High School,2,40.765638,-73.959777,4977834.538800001,-8233164.7148
02M570,M920,M570,Satellite Academy High School,2,40.747425,-73.990562,4975157.9881,-8236591.6853
02M575,M661,M575,Manhattan Comprehensive Night and Day High School,2,40.732699,-73.984333,4972994.416699998,-8235898.2762
02M580,M282,M580,Richard R. Green High School of Teaching,2,40.705688,-74.013303,4969027.154600002,-8239123.2019
02M586,M807,M586,Harvey Milk High School,2,40.729661,-73.992343,4972548.127700001,-8236789.9454
02M600,M600,M600,The High School of Fashion Industries,2,40.745677,-73.996354,4974901.143600002,-8237236.447799999
02M605,M440,M605,Humanities Preparatory Academy,2,40.743407,-74.00254,4974567.608499996,-8237925.0702
02M615,M615,M615,Chelsea Career and Technical Education High School,2,40.72463,-74.005058,4971809.107299998,-8238205.3727
02M630,M488,M630,Art and Design High School,2,40.759248,-73.967204,4976895.391999997,-8233991.4847
02M655,M645,M655,The High School for Climate Justice,2,40.783286,-73.945933,4980428.7579,-8231623.607799999
02M896,M282,M896,Lower Manhattan Community Middle School,2,40.705688,-74.013303,4969027.154600002,-8239123.2019
02M972,M882,M972,Office of Academic Policy,2,40.747398,-73.992832,4975154.0207,-8236844.3806
03M009,M009,M009,P.S. 009 Sarah Anderson,3,40.785234,-73.974256,4980715.152000003,-8234776.5097
03M054,M054,M054,J.H.S. 054 Booker T. Washington,3,40.8007,-73.96327,4982989.255199999,-8233553.5538
03M075,M075,M075,P.S. 075 Emily Dickinson,3,40.795109,-73.973996,4982167.099799998,-8234747.5667
03M076,M076,M076,P.S. 076 A. Philip Randolph,3,40.806534,-73.951451,4983847.217600003,-8232237.8686999995
03M084,M084,M084,P.S. 084 Lillian Weber,3,40.789479,-73.968419,4981339.279299997,-8234126.7379
03M087,M087,M087,P.S. 087 William Sherman,3,40.78171,-73.97802,4980197.061099999,-8235195.5163
03M145,M145,M145,"P.S. 145, The Bloomingdale School",3,40.799098,-73.965611,4982753.674400002,-8233814.1526999995
03M149,M207,M149,P.S. 149 Sojourner Truth,3,40.802649,-73.948088,4983275.871600002,-8231863.5013
03M163,M163,M163,P.S. 163 Alfred E. Smith,3,40.795163,-73.96847,4982175.040100001,-8234132.415200001
03M165,M165,M165,P.S. 165 Robert E. Simon,3,40.802653,-73.965949,4983276.4597999975,-8233851.7787
03M166,M166,M166,P.S. 166 The Richard Rodgers School of The Arts an,3,40.788925,-73.972557,4981257.8244,-8234587.377900001
03M180,M180,M180,P.S. 180 Hugo Newman,3,40.80757,-73.955861,4983999.582199998,-8232728.787699999
03M185,M185,M185,The Locke School of Arts and Engineering,3,40.798461,-73.950146,4982660.002400003,-8232092.5967999995
03M191,M342,M191,The Riverside School for Makers and Artists,3,40.7722,-73.990902,4978799.058600001,-8236629.534
03M199,M199,M199,P.S. 199 Jessie Isador Straus,3,40.777603,-73.984423,4979593.293499999,-8235908.295
03M241,M113,M241,STEM Institute of Manhattan,3,40.801573,-73.955583,4983117.636,-8232697.8409
03M242,M144,M242,P.S. 242 - The Young Diplomats Magnet Academy,3,40.806055,-73.948385,4983776.771899998,-8231896.563200001
03M243,M009,M243,M.S. 243 Center School,3,40.785234,-73.974256,4980715.152000003,-8234776.5097
03M245,M044,M245,M.S. M245 The Computer School,3,40.780536,-73.977602,4980024.4683,-8235148.9847
03M247,M044,M247,M.S. M247 Dual Language Middle School,3,40.780536,-73.977602,4980024.4683,-8235148.9847
03M250,M075,M250,M.S. 250 West Side Collaborative Middle School,3,40.795109,-73.973996,4982167.099799998,-8234747.5667
03M256,M118,M256,Lafayette Academy,3,40.791395,-73.971011,4981620.994999997,-8234415.278000001
03M258,M118,M258,Community Action School - MS 258,3,40.791395,-73.971011,4981620.994999997,-8234415.278000001
03M291,M837,M291,West End Secondary School,3,40.772608,-73.988338,4978859.031900004,-8236344.1108
03M307,M490,M307,"Urban Assembly School for Media Studies, The",3,40.774891,-73.985608,4979194.624499999,-8236040.2086
03M333,M118,M333,P.S. 333 Manhattan School for Children,3,40.791395,-73.971011,4981620.994999997,-8234415.278000001
03M334,M044,M334,The Anderson School,3,40.780536,-73.977602,4980024.4683,-8235148.9847
03M402,M470,M402,The Urban Assembly School for Green Careers,3,40.786134,-73.974483,4980847.472499996,-8234801.7793000005
03M403,M470,M403,The Global Learning Collaborative,3,40.786134,-73.974483,4980847.472499996,-8234801.7793000005
03M404,M470,M404,Innovation Diploma Plus,3,40.786134,-73.974483,4980847.472499996,-8234801.7793000005
03M415,M088,M415,Wadleigh Secondary School for the Performing & Vis,3,40.80261,-73.954152,4983270.136200003,-8232538.5427
03M417,M470,M417,Frank McCourt High School,3,40.786134,-73.974483,4980847.472499996,-8234801.7793000005
03M421,M534,M421,West Prep Academy,3,40.80209,-73.96561,4983193.6652000025,-8233814.0414
03M452,M191,M452,P.S. 452,3,40.771603,-73.987515,4978711.304200001,-8236252.494899999
03M479,M912,M479,Beacon High School,2,40.760858,-73.996262,4977132.007299997,-8237226.2064
03M485,M485,M485,Fiorello H. LaGuardia High School of Music & Art a,3,40.774202,-73.985976,4979093.342799999,-8236081.1742
03M492,M490,M492,"High School for Law, Advocacy and Community Justic",3,40.774891,-73.985608,4979194.624499999,-8236040.2086
03M494,M490,M494,High School of Arts and Technology,3,40.774891,-73.985608,4979194.624499999,-8236040.2086
03M541,M490,M541,Manhattan / Hunter Science High School,3,40.774891,-73.985608,4979194.624499999,-8236040.2086
03M610,M506,M610,Young Women's Leadership School,3,40.797136,-73.966779,4982465.161700003,-8233944.173900001
03M859,M932,M859,Special Music School,3,40.775256,-73.982976,4979248.279200003,-8235747.2157000005
03M860,M088,M860,Frederick Douglass Academy II Secondary School,3,40.80261,-73.954152,4983270.136200003,-8232538.5427
03M862,M165,M862,Mott Hall II,3,40.802653,-73.965949,4983276.4597999975,-8233851.7787
04M007,M007,M007,P.S. 007 Samuel Stern,4,40.800616,-73.939374,4982976.902500004,-8230893.463300001
04M012,M117,M012,Tag Young Scholars,4,40.792556,-73.942285,4981791.704599999,-8231217.5143
04M037,M045,M037,River East Elementary,4,40.799265,-73.93374,4982778.2321000025,-8230266.2892
04M038,M121,M038,P.S. 38 Roberto Clemente,4,40.788668,-73.944762,4981220.037799999,-8231493.252699999
04M057,M057,M057,James Weldon Johnson,4,40.797205,-73.941598,4982475.307999998,-8231141.037799999
04M072,M072,M072,The Lexington Academy,4,40.791444,-73.94745,4981628.1998,-8231792.479499999
04M083,M083,M083,P.S. 083 Luis Munoz Rivera,4,40.793363,-73.941955,4981910.365000002,-8231180.778899999
04M096,M096,M096,P.S. 096 Joseph Lanzetta,4,40.79969,-73.937179,4982840.729800001,-8230649.117000001
04M102,M102,M102,P.S. 102 Jacques Cartier,4,40.795,-73.938418,4982151.071999997,-8230787.0418
04M108,M108,M108,P.S. 108 Assemblyman Angelo Del Toro Educational C,4,40.795032,-73.947855,4982155.777400002,-8231837.5638999995
04M112,M112,M112,P.S. 112 Jose Celso Barbosa,4,40.796889,-73.930528,4982428.840899996,-8229908.731000001
04M146,M146,M146,P.S. 146 Ann M. Short,4,40.789535,-73.938727,4981347.513099998,-8230821.4395
04M155,M155,M155,P.S. 155 William Paca,4,40.797507,-73.935895,4982519.716700003,-8230506.182700001
04M171,M171,M171,P.S. 171 Patrick Henry,4,40.792302,-73.951425,4981754.3571000025,-8232234.974400001
04M182,M083,M182,The Bilingual Bicultural School,4,40.793363,-73.941955,4981910.365000002,-8231180.778899999
04M206,M206,M206,P.S. 206 Jose Celso Barbosa,4,40.796889,-73.930528,4982428.840899996,-8229908.731000001
04M224,M099,M224,M.S. 224 Manhattan East School for Arts & Academic,4,40.785107,-73.942154,4980696.480300002,-8231202.931399999
04M310,M646,M310,The Judith S. Kaye School,4,40.784112,-73.945647,4980550.195,-8231591.770400001
04M372,M117,M372,Esperanza Preparatory Academy,4,40.792556,-73.942285,4981791.704599999,-8231217.5143
04M375,M101,M375,Mosaic Preparatory Academy,4,40.796098,-73.944546,4982312.527000003,-8231469.207699999
04M377,M155,M377,Renaissance School of the Arts,4,40.797507,-73.935895,4982519.716700003,-8230506.182700001
04M435,M435,M435,Manhattan Center for Science and Mathematics,4,40.794184,-73.932868,4982031.0854,-8230169.218599999
04M495,M495,M495,Park East High School,4,40.790191,-73.944092,4981443.965999998,-8231418.6686
04M497,M013,M497,Central Park East I,4,40.793649,-73.948488,4981952.418399997,-8231908.029100001
04M505,M895,M505,Edward A. Reynolds West Side High School,4,40.792932,-73.947171,4981846.991099998,-8231761.4213
04M555,M013,M555,Central Park East High School,4,40.793649,-73.948488,4981952.418399997,-8231908.029100001
04M680,M107,M680,"Heritage School, The",4,40.791966,-73.946879,4981704.952600002,-8231728.915999999
04M825,M435,M825,Isaac Newton Middle School for Math & Science,4,40.794184,-73.932868,4982031.0854,-8230169.218599999
04M964,M050,M964,Central Park East II,4,40.785559,-73.940919,4980762.934199996,-8231065.4519
05M030,M030,M030,P.S. 030 Hernandez/Hughes,5,40.805653,-73.935461,4983717.650799997,-8230457.870100001
05M036,M036,M036,P.S. 036 Margaret Douglas,5,40.810705,-73.957409,4984460.661399998,-8232901.110300001
05M046,M046,M046,P.S. 046 Arthur Tappan,5,40.8304,-73.9363,4987357.795999996,-8230551.267100001
05M092,M092,M092,P.S. 092 Mary McLeod Bethune,5,40.814917,-73.945838,4985080.1743,-8231613.032400001
05M123,M123,M123,P.S. 123 Mahalia Jackson,5,40.820216,-73.944551,4985859.622199997,-8231469.7643
05M125,M125,M125,P.S. 125 Ralph Bunche,5,40.810793,-73.955722,4984473.6043,-8232713.314300001
05M129,M129,M129,P.S. 129 John H. Finley,5,40.814914,-73.95202,4985079.733099997,-8232301.2095
05M133,M133,M133,P.S. 133 Fred R Moore,5,40.809665,-73.939178,4984307.701300003,-8230871.6446
05M148,M136,M148,Eagle Academy for Young Men of Harlem,5,40.817228,-73.947151,4985420.0995000005,-8231759.1949000005
05M154,M154,M154,P.S. 154 Harriet Tubman,5,40.810499,-73.948902,4984430.363399997,-8231954.1154
05M157,M501,M157,The Urban Assembly School for Global Commerce,5,40.807019,-73.938714,4983918.546300001,-8230819.9924
05M161,M161,M161,P.S. 161 Pedro Albizu Campos,5,40.817719,-73.952476,4985492.3222,-8232351.9712000005
05M175,M175,M175,P.S. 175 Henry H Garnet,5,40.814388,-73.942706,4985002.3653,-8231264.379799999
05M194,M194,M194,P.S. 194 Countee Cullen,5,40.821208,-73.941111,4986005.545699999,-8231086.825200001
05M197,M197,M197,P.S. 197 John B. Russwurm,5,40.813532,-73.938347,4984876.4602999985,-8230779.1381
05M200,M200,M200,P.S. 200- The James McCune Smith School,5,40.823988,-73.935746,4986414.496399999,-8230489.596100001
05M285,M911,M285,Harlem Renaissance High School,5,40.807692,-73.939974,4984017.524899997,-8230960.254899999
05M286,M043,M286,Urban Assembly Academy for Future Leaders,5,40.815747,-73.95552,4985202.257700004,-8232690.8278
05M304,M136,M304,Mott Hall High School,5,40.817228,-73.947151,4985420.0995000005,-8231759.1949000005
05M318,M371,M318,Thurgood Marshall Academy Lower School,5,40.825831,-73.937833,4986685.619499996,-8230721.9199
05M362,M125,M362,Columbia Secondary School,5,40.810793,-73.955722,4984473.6043,-8232713.314300001
05M369,M043,M369,Urban Assembly School for the Performing Arts,5,40.815747,-73.95552,4985202.257700004,-8232690.8278
05M371,M129,M371,School of Earth Exploration and Discovery Harlem (,5,40.814914,-73.95202,4985079.733099997,-8232301.2095
05M499,M010,M499,Frederick Douglass Academy,5,40.823988,-73.935746,4986414.496399999,-8230489.596100001
05M514,M195,M514,New Design Middle School,5,40.819793,-73.956814,4985797.399400003,-8232834.8752
05M517,M916,M517,Teachers College Community School,5,40.812428,-73.953317,4984714.0803999975,-8232445.5909
05M670,M970,M670,Thurgood Marshall Academy for Learning and Social,5,40.815237,-73.944299,4985127.242399998,-8231441.7117
05M692,M812,M692,"High School for Mathematics, Science and Engineeri",6,40.820208,-73.950354,4985858.4454,-8232115.7513
06M004,M004,M004,P.S. 004 Duke Ellington,6,40.834877,-73.941594,4988016.482799999,-8231140.592499999
06M005,M005,M005,P.S. 005 Ellen Lurie,6,40.857633,-73.922277,4991365.188500002,-8228990.233899999
06M008,M008,M008,P.S. 008 Luis Belliard,6,40.839235,-73.936614,4988657.7042,-8230586.2215
06M018,M502,M018,P.S. 018 Park Terrace,6,40.860961,-73.921474,4991855.023599997,-8228900.8444
06M028,M028,M028,P.S. 028 Wright Brothers,6,40.83163,-73.942023,4987538.757600002,-8231188.3486
06M048,M048,M048,P.S. 048 P.O. Michael J. Buczek,6,40.853193,-73.933629,4990711.720899999,-8230253.9328000005
06M052,M052,M052,Harold O. Levy School,6,40.865556,-73.925464,4992531.383699998,-8229345.009099999
06M098,M098,M098,P.S. 098 Shorac Kappock,6,40.867741,-73.917814,4992853.020900004,-8228493.414999999
06M103,M132,M103,Dos Puentes Elementary School,6,40.850561,-73.933964,4990324.370700002,-8230291.2248
06M115,M115,M115,P.S. 115 Alexander Humboldt,6,40.846116,-73.93514,4989670.237099998,-8230422.136499999
06M128,M128,M128,P.S. 128 Audubon,6,40.841032,-73.938701,4988922.120999999,-8230818.5452
06M132,M132,M132,P.S. 132 Juan Pablo Duarte,6,40.850561,-73.933964,4990324.370700002,-8230291.2248
06M143,M143,M143,J.H.S. 143 Eleanor Roosevelt,6,40.849311,-73.930991,4990140.4142,-8229960.272
06M152,M152,M152,P.S. 152 Dyckman Valley,6,40.859804,-73.927578,4991684.726599999,-8229580.338500001
06M153,M153,M153,P.S. 153 Adam Clayton Powell,6,40.826514,-73.947599,4986786.0973000005,-8231809.0660999995
06M173,M173,M173,P.S. 173,6,40.845459,-73.939785,4989573.555600002,-8230939.215600001
06M178,M178,M178,Professor Juan Bosch Public School,6,40.85924,-73.928301,4991601.713399999,-8229660.8225
06M187,M187,M187,P.S./I.S. 187 Hudson Cliffs,6,40.856239,-73.93684,4991160.0185,-8230611.3796999995
06M189,M189,M189,P.S. 189,6,40.853045,-73.928048,4990689.939400002,-8229632.6587000005
06M192,M192,M192,P.S. 192 Jacob H. Schiff,6,40.82051,-73.952023,4985902.869400002,-8232301.543500001
06M209,M192,M209,Hamilton Grange Middle School,6,40.82051,-73.952023,4985902.869400002,-8232301.543500001
06M210,M093,M210,P.S./I.S. 210 - Twenty-first Century Academy for C,6,40.830004,-73.944666,4987299.535999998,-8231482.566
06M211,M052,M211,Inwood Early College for Health and Information Te,6,40.865556,-73.925464,4992531.383699998,-8229345.009099999
06M223,M164,M223,The Mott Hall School,6,40.836982,-73.937263,4988326.200099997,-8230658.467800001
06M278,M502,M278,Paula Hedbavny School,6,40.860961,-73.921474,4991855.023599997,-8228900.8444
06M293,M218,M293,City College Academy of the Arts,6,40.860951,-73.930082,4991853.551700003,-8229859.0825
06M311,M176,M311,Amistad Dual Language School,6,40.866381,-73.923818,4992652.8244,-8229161.7773
06M314,M176,M314,Muscota,6,40.866381,-73.923818,4992652.8244,-8229161.7773
06M319,M090,M319,M.S. 319 - Maria Teresa,6,40.839139,-73.935815,4988643.578599997,-8230497.2772
06M322,M218,M322,Middle School 322,6,40.860951,-73.930082,4991853.551700003,-8229859.0825
06M324,M090,M324,M.S. 324 - Patria Mirabal,6,40.839139,-73.935815,4988643.578599997,-8230497.2772
06M328,M164,M328,Community Math & Science Prep,6,40.836982,-73.937263,4988326.200099997,-8230658.467800001
06M346,M814,M346,Community Health Academy of the Heights,6,40.833695,-73.942074,4987842.574600004,-8231194.025900001
06M348,M143,M348,Washington Heights Expeditionary Learning School,6,40.849311,-73.930991,4990140.4142,-8229960.272
06M366,M263,M366,Washington Heights Academy,6,40.865575,-73.921631,4992534.180500001,-8228918.3215
06M368,M153,M368,The William Lynch School,6,40.826514,-73.947599,4986786.0973000005,-8231809.0660999995
06M423,M052,M423,High School for Excellence and Innovation,6,40.865556,-73.925464,4992531.383699998,-8229345.009099999
06M462,M465,M462,The College Academy,6,40.856532,-73.92606,4991203.142099999,-8229411.355599999
06M463,M465,M463,High School for Media and Communications,6,40.856532,-73.92606,4991203.142099999,-8229411.355599999
06M467,M465,M467,High School for Law and Public Service,6,40.856532,-73.92606,4991203.142099999,-8229411.355599999
06M468,M465,M468,High School for Health Careers and Sciences,6,40.856532,-73.92606,4991203.142099999,-8229411.355599999
06M513,M128,M513,Castle Bridge School,6,40.841032,-73.938701,4988922.120999999,-8230818.5452
06M528,M528,M528,I.S. 528 Bea Fuller Rodgers School,6,40.850683,-73.934676,4990342.325099997,-8230370.484300001
06M540,M540,M540,A. Philip Randolph Campus High School,6,40.8185,-73.949929,4985607.203100003,-8232068.4405000005
06M552,M876,M552,Gregorio Luperon High School for Science and Mathe,6,40.8381,-73.9383,4988490.700099997,-8230773.906099999
07X001,X001,X001,P.S. 001 Courtlandt School,7,40.819331,-73.919634,4985729.440200001,-8228696.0165
07X005,X005,X005,P.S. 5 Port Morris,7,40.813896,-73.908358,4984929.9991,-8227440.777899999
07X018,X018,X018,P.S. 018 John Peter Zenger,7,40.816369,-73.922697,4985293.747699998,-8229036.9881
07X025,X025,X025,P.S. 025 Bilingual School,7,40.812895,-73.905751,4984782.7678999975,-8227150.568
07X029,X029,X029,P.S./M.S. 029 Melrose School,7,40.821544,-73.916419,4986054.971900001,-8228338.124299999
07X030,X030,X030,P.S. 030 Wilton,7,40.809023,-73.917417,4984213.279100001,-8228449.2212000005
07X031,X151,X031,P.S./M.S. 031 The William Lloyd Garrison,7,40.822574,-73.92114,4986206.488399997,-8228863.663699999
07X043,X043,X043,P.S. 043 Jonas Bronck,7,40.806452,-73.921593,4983835.158,-8228914.091399999
07X049,X049,X049,P.S. 049 Willis Avenue,7,40.810413,-73.92273,4984417.7146999985,-8229040.661599999
07X065,X065,X065,P.S. 065 Mother Hale Academy,7,40.807916,-73.912557,4984050.468999997,-8227908.2085
07X154,X154,X154,P.S. 154 Jonathan D. Hyatt,7,40.808194,-73.925459,4984091.355099998,-8229344.452500001
07X157,X157,X157,P.S. 157 Grove Hill,7,40.819419,-73.908965,4985742.384800002,-8227508.3489
07X161,X161,X161,P.S. 161 Juan Ponce De Leon School,7,40.814168,-73.905233,4984970.006399997,-8227092.9045
07X179,X040,X179,P.S. 179,7,40.80908,-73.919773,4984221.662299998,-8228711.4899
07X221,X149,X221,South Bronx Preparatory: A College Board School,7,40.813612,-73.920851,4984888.226999998,-8228831.4923
07X223,X149,X223,The Laboratory School of Finance and Technology: X,7,40.813612,-73.920851,4984888.226999998,-8228831.4923
07X224,X139,X224,P.S./I.S. 224,7,40.810314,-73.918774,4984403.153999999,-8228600.2817
07X259,X655,X259,"H.E.R.O. High (Health, Education, and Research Occ",7,40.810671,-73.907528,4984455.6608000025,-8227348.3827
07X277,X027,X277,P.S. 277,7,40.813385,-73.913872,4984854.8389,-8228054.593599999
07X296,X184,X296,South Bronx Academy for Applied Media,7,40.818703,-73.905389,4985637.063500002,-8227110.270400001
07X298,X184,X298,Academy of Public Relations,7,40.818703,-73.905389,4985637.063500002,-8227110.270400001
07X334,X139,X334,International Community High School,7,40.810314,-73.918774,4984403.153999999,-8228600.2817
07X343,X139,X343,Academy of Applied Mathematics and Technology,7,40.810314,-73.918774,4984403.153999999,-8228600.2817
07X359,X487,X359,"Leaders of Excellence, Advocacy and Discovery",7,40.816974,-73.912039,4985382.737999998,-8227850.545
07X369,X040,X369,Young Leaders Elementary School,7,40.80908,-73.919773,4984221.662299998,-8228711.4899
07X379,X184,X379,Jill Chaifetz Transfer High School,7,40.818703,-73.905389,4985637.063500002,-8227110.270400001
07X381,X600,X381,Bronx Haven High School,7,40.818645,-73.919949,4985628.531999998,-8228731.0821
07X427,X884,X427,Community School for Social Justice,7,40.815712,-73.92996,4985197.1096,-8229845.501599999
07X473,X470,X473,Mott Haven Village Preparatory High School,7,40.818041,-73.911633,4985539.686499998,-8227805.349300001
07X495,X470,X495,University Heights Secondary School,7,40.818041,-73.911633,4985539.686499998,-8227805.349300001
07X500,X162,X500,Hostos-Lincoln Academy of Science,7,40.814857,-73.912038,4985071.349100001,-8227850.433700001
07X522,X600,X522,Bronx Design and Construction Academy,7,40.818645,-73.919949,4985628.531999998,-8228731.0821
07X527,X790,X527,Bronx Leadership Academy II High School,7,40.821828,-73.922366,4986096.7491,-8229000.1414
07X533,X356,X533,Learning Through Play Pre-K Center,7,40.812075,-73.90557,4984662.160599999,-8227130.419199999
07X548,X790,X548,Careers in Sports High School,7,40.821828,-73.922366,4986096.7491,-8229000.1414
07X551,X183,X551,The Urban Assembly Bronx Academy of Letters,7,40.813681,-73.925995,4984898.3759,-8229404.1197999995
07X557,X655,X557,Mott Haven Community High School,7,40.810671,-73.907528,4984455.6608000025,-8227348.3827
07X584,X162,X584,I.S. 584,7,40.814857,-73.912038,4985071.349100001,-8227850.433700001
07X600,X600,X600,Alfred E. Smith Career and Technical Education Hig,7,40.818645,-73.919949,4985628.531999998,-8228731.0821
07X625,X790,X625,Bronx Legacy High School,7,40.821828,-73.922366,4986096.7491,-8229000.1414
07X642,X156,X642,South Bronx Literacy Academy,7,40.823014,-73.922527,4986271.214599997,-8229018.0638
07X670,X884,X670,Health Opportunities High School,7,40.815712,-73.92996,4985197.1096,-8229845.501599999
08X014,X014,X014,P.S. X014 Senator John Calandra,8,40.835318,-73.826277,4988081.368100002,-8218303.5627999995
08X036,X036,X036,P.S. 036 Unionport,8,40.82948,-73.849791,4987222.444899999,-8220921.1293
08X048,X048,X048,P.S. 048 Joseph R. Drake,8,40.814034,-73.886834,4984950.296899997,-8225044.737199999
08X062,X062,X062,P.S. 062 Inocensio Casanova,8,40.813736,-73.900161,4984906.465499997,-8226528.292099999
08X069,X069,X069,P.S. 069 Journey Prep School,8,40.8167,-73.86046,4985342.434900001,-8222108.797
08X071,X071,X071,P.S. 071 Rose E. Scala,8,40.845379,-73.829562,4989561.783200003,-8218669.247300001
08X072,X072,X072,P.S. 072 Dr. William Dorney,8,40.823237,-73.818172,4986304.019199997,-8217401.318299999
08X075,X075,X075,P.S. 75 School of Research and Discovery,8,40.822314,-73.888948,4986168.241300002,-8225280.0666000005
08X093,X093,X093,P.S. 093 Albert G. Oliver,8,40.822522,-73.877274,4986198.839000002,-8223980.5229
08X100,X100,X100,P.S. 100 Isaac Clason,8,40.822552,-73.86276,4986203.252099998,-8222364.831800001
08X101,X101,X101,M.S. X101 Edward R. Byrne,8,40.82708,-73.829211,4986869.363700002,-8218630.1742
08X107,X107,X107,P.S. 107,8,40.819221,-73.868735,4985713.259499997,-8223029.9657000005
08X119,X119,X119,The Dr. Emmett W. Bassett School,8,40.828474,-73.857392,4987074.443499997,-8221767.2688
08X123,X123,X123,J.H.S. 123 James M. Kieran,8,40.824989,-73.874162,4986561.7522,-8223634.0966
08X130,X130,X130,P.S. 130 Abram Stevens Hewitt,8,40.817742,-73.901709,4985495.7053999975,-8226700.614600001
08X131,X131,X131,J.H.S. 131 Albert Einstein,8,40.822925,-73.859998,4986258.122199997,-8222057.3674
08X138,X138,X138,P.S. 138 Samuel Randall,8,40.822288,-73.853157,4986164.416599996,-8221295.830700001
08X140,X140,X140,P.S. X140 The Eagle School,8,40.823318,-73.907489,4986315.934699997,-8227344.041300001
08X146,X146,X146,P.S. 146 Edward Collins,8,40.824717,-73.905734,4986521.738399997,-8227148.6756
08X152,X152,X152,P.S. 152 Evergreen,8,40.823941,-73.880479,4986407.5823,-8224337.3018
08X182,X182,X182,P.S. 182,8,40.818925,-73.856976,4985669.718900003,-8221720.959899999
08X269,X392,X269,Bronx Studio School for Writers and Artists,8,40.820388,-73.892961,4985884.923299998,-8225726.7917
08X282,X174,X282,Women's Academy of Excellence,8,40.815043,-73.85607,4985098.707400002,-8221620.1044
08X293,X405,X293,Renaissance High School for Musical Theater and th,11,40.839775,-73.839583,4988737.160899997,-8219784.7798999995
08X301,X120,X301,M.S. 301 Paul L. Dunbar,8,40.822291,-73.906739,4986164.857900001,-8227260.5517
08X302,X052,X302,M.S. 302 Luisa Dessus Cruz,8,40.816078,-73.901599,4985250.944399998,-8226688.3695
08X304,X101,X304,P.S. 304 Early Childhood School,8,40.82708,-73.829211,4986869.363700002,-8218630.1742
08X312,X450,X312,Millennium Art Academy,8,40.821218,-73.85593,4986007.0167,-8221604.5197
08X320,X405,X320,Pelham Lab High School,11,40.839775,-73.839583,4988737.160899997,-8219784.7798999995
08X333,X060,X333,The Longwood Academy of Discovery,8,40.820108,-73.898399,4985843.7355,-8226332.1471
08X337,X123,X337,The School for Inquiry and Social Justice,8,40.824989,-73.874162,4986561.7522,-8223634.0966
08X348,X405,X348,Schuylerville Preparatory High School,11,40.839775,-73.839583,4988737.160899997,-8219784.7798999995
08X349,X405,X349,Bronx River High School,11,40.839775,-73.839583,4988737.160899997,-8219784.7798999995
08X367,X174,X367,"Archimedes Academy for Math, Science and Technolog",8,40.815043,-73.85607,4985098.707400002,-8221620.1044
08X371,X192,X371,Urban Institute of Mathematics,8,40.826794,-73.818083,4986827.289099999,-8217391.4109000005
08X375,X174,X375,The Bronx Mathematics Preparatory School,8,40.815043,-73.85607,4985098.707400002,-8221620.1044
08X376,X450,X376,Antonia Pantoja Preparatory Academy: A College Boa,8,40.821218,-73.85593,4986007.0167,-8221604.5197
08X377,X450,X377,Bronx Community High School,8,40.821218,-73.85593,4986007.0167,-8221604.5197
08X392,X192,X392,Bronx Delta School,8,40.826794,-73.818083,4986827.289099999,-8217391.4109000005
08X405,X405,X405,Herbert H. Lehman High School,11,40.839775,-73.839583,4988737.160899997,-8219784.7798999995
08X424,X074,X424,Bronx Academy for Multi-Media,8,40.815827,-73.885284,4985214.024899997,-8224872.192
08X432,X450,X432,Bronx Bridges High School,8,40.821218,-73.85593,4986007.0167,-8221604.5197
08X448,X131,X448,Soundview Academy for Culture and Scholarship,8,40.822925,-73.859998,4986258.122199997,-8222057.3674
08X452,X450,X452,Gotham Collaborative High School,8,40.821218,-73.85593,4986007.0167,-8221604.5197
08X467,X192,X467,Mott Hall Community School,8,40.826794,-73.818083,4986827.289099999,-8217391.4109000005
08X530,X039,X530,Longwood Preparatory Academy,8,40.817741,-73.897876,4985495.558300003,-8226273.926999999
08X537,X972,X537,Bronx Arena High School,8,40.820486,-73.881187,4985899.339100003,-8224416.116
08X558,X405,X558,Westchester Square Academy,11,40.839775,-73.839583,4988737.160899997,-8219784.7798999995
08X561,X450,X561,Bronx Compass High School,8,40.821218,-73.85593,4986007.0167,-8221604.5197
08X562,X125,X562,Pugsley Preparatory Academy,8,40.829153,-73.857882,4987174.336800002,-8221821.815300001
08X583,X317,X583,P.S. 583,8,40.826949,-73.859622,4986850.091799997,-8222015.5112
08X636,X140,X636,Virtual Innovators Academy,8,40.823318,-73.907489,4986315.934699997,-8227344.041300001
09X004,X004,X004,P.S./M.S. 004 Crotona Park West,9,40.841758,-73.897943,4989028.949199997,-8226281.385399999
09X011,X011,X011,P.S. 011 Highbridge,9,40.839693,-73.92589,4988725.095200002,-8229392.4311999995
09X022,X022,X022,J.H.S. 022 Jordan L. Mott,9,40.832022,-73.91435,4987596.430600002,-8228107.804300001
09X028,X028,X028,P.S. 028 Mount Hope,9,40.848344,-73.903821,4989998.107799999,-8226935.7214
09X035,X035,X035,P.S. 035 Franz Siegel,9,40.828009,-73.917705,4987006.034000002,-8228481.281199999
09X042,X042,X042,P.S. 042 Claremont,9,40.838636,-73.903243,4988569.5669,-8226871.378699999
09X053,X053,X053,P.S. 053 Basheer Quisim,9,40.832648,-73.911906,4987688.5315999985,-8227835.739499999
09X055,X055,X055,P.S. 055 Benjamin Franklin,9,40.835934,-73.90497,4988172.002300002,-8227063.6274999995
09X058,X058,X058,P.S. 058,9,40.846383,-73.898826,4989709.527999997,-8226379.680500001
09X063,X063,X063,P.S. 063 Author's Academy,9,40.83093,-73.901859,4987435.770900004,-8226717.3126
09X070,X070,X070,P.S. 070 Max Schoenfeld,9,40.844236,-73.90807,4989393.586400002,-8227408.7179000005
09X073,X073,X073,P.S. 073 Bronx,9,40.832609,-73.926415,4987682.7936,-8229450.874
09X088,X088,X088,P.S. X088 - S. Silverstein Little Sparrow School,9,40.837019,-73.913523,4988331.644199997,-8228015.743100001
09X109,X109,X109,P.S. 109 Sedgwick,9,40.851661,-73.918991,4990486.2553,-8228624.438100001
09X110,X110,X110,P.S. 110 Theodore Schoenfeld,9,40.83447,-73.900654,4987956.600299999,-8226583.172599999
09X114,X114,X114,P.S. X114 - Luis Llorens Torres Schools,9,40.834979,-73.923297,4988031.4903,-8229103.7798
09X117,X117,X117,I.S. 117 Joseph H. Wade,9,40.848552,-73.909022,4990028.717500001,-8227514.6941
09X126,X126,X126,P.S. 126 Dr Marjorie H Dunbar,9,40.835866,-73.9282,4988161.997199997,-8229649.579299999
09X128,X110,X128,Mott Hall III,9,40.83447,-73.900654,4987956.600299999,-8226583.172599999
09X132,X132,X132,P.S. 132 Garret A. Morgan,9,40.832175,-73.907133,4987618.940800004,-8227304.411599999
09X163,X163,X163,P.S. 163 Arthur A. Schomburg,9,40.8517,-73.899005,4990491.994900003,-8226399.606699999
09X170,X170,X170,P.S. 170,9,40.844367,-73.913253,4989412.863399997,-8227985.686799999
09X199,X104,X199,P.S. 199X - The Shakespeare School,9,40.843453,-73.920826,4989278.366599999,-8228828.7093
09X204,X338,X204,P.S. 204 Morris Heights,9,40.849416,-73.915217,4990155.866400003,-8228204.318299999
09X215,X148,X215,Kappa,9,40.833493,-73.903951,4987812.854500003,-8226950.1929
09X218,X235,X218,P.S./I.S. 218 Rafael Hernandez Dual Language Magne,9,40.835681,-73.919571,4988134.777500004,-8228689.0034
09X219,X148,X219,I.S. 219 New Venture School,9,40.833493,-73.903951,4987812.854500003,-8226950.1929
09X227,X410,X227,Bronx Collegiate Academy,9,40.839307,-73.911366,4988668.2984,-8227775.627
09X229,X229,X229,I.S. 229 Roland Patterson,9,40.8524,-73.9216,4990595.013899997,-8228914.8706
09X231,X465,X231,Eagle Academy for Young Men,9,40.845366,-73.897479,4989559.870200001,-8226229.733200001
09X232,X082,X232,I.S. 232,9,40.849416,-73.915217,4990155.866400003,-8228204.318299999
09X236,X173,X236,P.S. 236 Langston Hughes,9,40.848907,-73.909936,4990080.960199997,-8227616.440099999
09X241,X970,X241,Urban Assembly School for Applied Math and Science,9,40.839508,-73.901774,4988697.873899996,-8226707.850400001
09X250,X002,X250,Eximius College Preparatory Academy: A College Boa,9,40.833884,-73.902794,4987870.381999999,-8226821.396299999
09X252,X970,X252,Mott Hall Bronx High School,9,40.839508,-73.901774,4988697.873899996,-8226707.850400001
09X260,X002,X260,Bronx Center for Science and Mathematics,9,40.833884,-73.902794,4987870.381999999,-8226821.396299999
09X263,X970,X263,Validus Preparatory Academy,9,40.839508,-73.901774,4988697.873899996,-8226707.850400001
09X274,X229,X274,The New American Academy at Roberto Clemente State,9,40.8524,-73.9216,4990595.013899997,-8228914.8706
09X294,X064,X294,The Walton Avenue School,9,40.8404,-73.915879,4988829.125500001,-8228278.0118
09X297,X400,X297,Morris Academy for Collaborative Studies,9,40.827455,-73.90392,4986924.531800002,-8226946.742000001
09X303,X082,X303,I.S. X303 Leadership & Community Service,9,40.849416,-73.915217,4990155.866400003,-8228204.318299999
09X311,X064,X311,Lucero Elementary School,9,40.8404,-73.915879,4988829.125500001,-8228278.0118
09X313,X147,X313,I.S. 313 School of Leadership Development,9,40.840536,-73.904353,4988849.137100004,-8226994.943399999
09X323,X022,X323,Bronx Writing Academy,9,40.832022,-73.91435,4987596.430600002,-8228107.804300001
09X324,X166,X324,Bronx Early College Academy for Teaching & Learnin,9,40.828009,-73.917705,4987006.034000002,-8228481.281199999
09X327,X240,X327,Comprehensive Model School Project M.S. 327,9,40.842503,-73.916084,4989138.574299999,-8228300.8323
09X328,X145,X328,New Millennium Bronx Academy of the Arts,9,40.827438,-73.914067,4986922.0309000015,-8228076.300899999
09X329,X410,X329,DreamYard Preparatory School,9,40.839307,-73.911366,4988668.2984,-8227775.627
09X339,X147,X339,I.S. 339,9,40.840536,-73.904353,4988849.137100004,-8226994.943399999
09X350,X410,X350,New Directions Secondary School,9,40.839307,-73.911366,4988668.2984,-8227775.627
09X361,X285,X361,The Highbridge Green School,9,40.838232,-73.927892,4988510.122400001,-8229615.2929
09X365,X082,X365,Academy for Language and Technology,9,40.849416,-73.915217,4990155.866400003,-8228204.318299999
09X403,X400,X403,Bronx International High School,9,40.827455,-73.90392,4986924.531800002,-8226946.742000001
09X412,X410,X412,Bronx High School of Business,9,40.839307,-73.911366,4988668.2984,-8227775.627
09X413,X410,X413,Bronx High School for Medical Science,9,40.839307,-73.911366,4988668.2984,-8227775.627
09X443,X090,X443,The Family School,9,40.831873,-73.917526,4987574.508900002,-8228461.355
09X449,X166,X449,Grant Avenue Elementary School,9,40.828009,-73.917705,4987006.034000002,-8228481.281199999
09X454,X166,X454,Science and Technology Academy: A Mott Hall School,9,40.828009,-73.917705,4987006.034000002,-8228481.281199999
09X457,X090,X457,Sheridan Academy for Young Leaders,9,40.831873,-73.917526,4987574.508900002,-8228461.355
09X505,X460,X505,"Bronx School for Law, Government and Justice",9,40.827461,-73.919024,4986925.414499998,-8228628.1116
09X517,X148,X517,Frederick Douglass Academy III Secondary School,9,40.833493,-73.903951,4987812.854500003,-8226950.1929
09X525,X876,X525,Bronx Leadership Academy High School,9,40.84325,-73.902969,4989248.494999997,-8226840.8772
09X543,X400,X543,High School for Violin and Dance,9,40.827455,-73.90392,4986924.531800002,-8226946.742000001
09X555,X240,X555,Mount Eden Children's Academy,9,40.842503,-73.916084,4989138.574299999,-8228300.8323
09X564,X410,X564,Claremont International HS,9,40.839307,-73.911366,4988668.2984,-8227775.627
09X568,X117,X568,Young Women's Leadership School of the Bronx,9,40.848552,-73.909022,4990028.717500001,-8227514.6941
09X582,X582,X582,Garden of Learning and Discovery Pre-K Center,9,40.843378,-73.923738,4989267.330300003,-8229152.8717
09X593,X145,X593,South Bronx International Middle School,9,40.827438,-73.914067,4986922.0309000015,-8228076.300899999
09X594,X145,X594,New Pathways Academy,9,40.827438,-73.914067,4986922.0309000015,-8228076.300899999
09X644,X468,X644,Bronx Debate Academy,9,40.83862,-73.921328,4988567.2126,-8228884.591700001
10X003,X003,X003,P.S. 3 Raul Julia Micro Society,10,40.850131,-73.89163,4990261.089299999,-8225578.625499999
10X007,X007,X007,Milton Fein School,10,40.881562,-73.905697,4994887.750500001,-8227144.5568
10X008,X008,X008,P.S. 008 Isaac Varian,10,40.872259,-73.883339,4993518.114799999,-8224655.6756
10X009,X009,X009,P.S. 9 Ryer Avenue Elementary School,10,40.85644,-73.898821,4991189.601599999,-8226379.1239
10X015,X015,X015,P.S. X015 Institute for Environmental Learning,10,40.859243,-73.909763,4991602.1548999995,-8227597.1818
10X020,X020,X020,"PS/MS 20 P.O.George J. Werdann, III",10,40.869482,-73.878731,4993109.307800002,-8224142.715399999
10X023,X023,X023,P.S. 023 The New Children's School,10,40.853294,-73.894951,4990726.5854,-8225948.317500001
10X024,X024,X024,P.S. 024 Spuyten Duyvil,10,40.886922,-73.915114,4995676.9648,-8228192.852399999
10X032,X032,X032,P.S. 032 Belmont,10,40.851724,-73.88622,4990495.527000003,-8224976.387
10X033,X033,X033,P.S. 033 Timothy Dwight,10,40.861698,-73.901268,4991963.502999999,-8226651.522700001
10X037,X037,X037,P.S. X037 - Multiple Intelligence School,10,40.877935,-73.913694,4994353.741899997,-8228034.7787
10X045,X045,X045,Thomas C. Giordano Middle School 45,10,40.858389,-73.887026,4991476.458999999,-8225066.1105
10X046,X046,X046,P.S. 046 Edgar Allan Poe,10,40.867169,-73.890402,4992768.820100002,-8225441.9252
10X051,X781,X051,The Bronx STEM and Arts Academy,10,40.850674,-73.886997,4990341.000600003,-8225062.882300001
10X054,X054,X054,P.S./I.S. 54,10,40.864872,-73.88794,4992430.699500002,-8225167.8566
10X056,X056,X056,P.S. 056 Norwood Heights,10,40.875481,-73.874912,4993992.452500001,-8223717.586200001
10X059,X059,X059,P.S. 059 The Community School of Technology,10,40.853141,-73.893639,4990704.068000004,-8225802.2663
10X077,X177,X077,Bedford Park Elementary School,10,40.872559,-73.875375,4993562.279299997,-8223769.1272
10X080,X080,X080,J.H.S. 080 The Mosholu Parkway,10,40.876819,-73.881245,4994189.4375,-8224422.5726
10X081,X081,X081,P.S. 081 Robert J. Christen,10,40.903275,-73.904657,4998085.1998,-8227028.784499999
10X085,X085,X085,P.S. 085 Great Expectations,10,40.858689,-73.894682,4991520.614299998,-8225918.3726
10X086,X086,X086,P.S. 086 Kingsbridge Heights,10,40.869061,-73.897066,4993047.3330999985,-8226183.758199999
10X091,X091,X091,P.S. 091 Bronx,10,40.858286,-73.907494,4991461.299000002,-8227344.5978999995
10X094,X094,X094,P.S. 094 Kings College School,10,40.880661,-73.875268,4994755.092200004,-8223757.216
10X095,X095,X095,P.S. 095 Sheila Mencher,10,40.883049,-73.891664,4995106.692199998,-8225582.4103
10X118,X118,X118,J.H.S. 118 William W. Niles,10,40.848702,-73.892482,4990050.7919000015,-8225673.469699999
10X141,X141,X141,Riverdale / Kingsbridge Academy (Middle School / H,10,40.887407,-73.914141,4995748.380099997,-8228084.5385
10X159,X159,X159,P.S. 159 Luis Munoz Marin Biling,10,40.85568,-73.893136,4991077.745700002,-8225746.272600001
10X205,X205,X205,P.S. 205 Fiorello LaGuardia,10,40.855759,-73.881753,4991089.3728,-8224479.1229
10X206,X206,X206,I.S. 206 Ann Mersereau,10,40.859534,-73.906285,4991644.986100003,-8227210.012599999
10X207,X819,X207,P.S. 207,10,40.878327,-73.906197,4994411.455300003,-8227200.216499999
10X209,X209,X209,P.S. 209,10,40.856834,-73.897635,4991247.590599999,-8226247.098999999
10X213,X475,X213,Bronx Engineering and Technology Academy,10,40.877379,-73.912686,4994271.8838,-8227922.568700001
10X225,X137,X225,Theatre Arts Production Company School,10,40.854257,-73.897404,4990868.313699998,-8226221.384199999
10X226,X826,X226,P.S. 226,10,40.855822,-73.916076,4991098.645000003,-8228299.9418
10X228,X283,X228,Jonas Bronck Academy,10,40.860987,-73.891562,4991858.8505000025,-8225571.0558
10X237,X143,X237,"The Marie Curie High School for Medicine, Nursing,",10,40.875636,-73.901565,4994015.271899998,-8226684.5846
10X243,X435,X243,West Bronx Academy for the Future,10,40.859466,-73.888625,4991634.977399997,-8225244.110400001
10X244,X143,X244,The New School for Leadership and Journalism,10,40.875636,-73.901565,4994015.271899998,-8226684.5846
10X246,X843,X246,P.S. 246 Poe Center,10,40.865972,-73.8953,4992592.619099997,-8225987.168
10X254,X254,X254,I.S. 254,10,40.858721,-73.889878,4991525.324199997,-8225383.593699999
10X264,X660,X264,Bronx Academy for Software Engineering (BASE),10,40.855392,-73.882487,4991035.358499996,-8224560.8314
10X268,X430,X268,Kingsbridge International High School,10,40.869061,-73.897066,4993047.3330999985,-8226183.758199999
10X279,X279,X279,"P.S. 279 Captain Manuel Rivera, Jr.",10,40.854666,-73.904958,4990928.508400001,-8227062.2917
10X280,X080,X280,P.S./M.S. 280 Mosholu Parkway,10,40.876819,-73.881245,4994189.4375,-8224422.5726
10X284,X475,X284,Bronx School of Law and Finance,10,40.877379,-73.912686,4994271.8838,-8227922.568700001
10X291,X015,X291,P.S. 291,10,40.859243,-73.909763,4991602.1548999995,-8227597.1818
10X306,X306,X306,P.S. 306,10,40.850722,-73.910827,4990348.064599998,-8227715.625700001
10X307,X886,X307,Luisa Pineiro Fuentes School of Science and Discov,10,40.869142,-73.901821,4993059.256999999,-8226713.0824
10X308,X852,X308,Bronx Dance Academy School,10,40.885428,-73.878051,4995456.979599997,-8224067.018100001
10X310,X122,X310,P.S. 310 Marble Hill,10,40.872477,-73.905547,4993550.207699999,-8227127.8588
10X315,X779,X315,P.S. 315 Lab School,10,40.873659,-73.900068,4993724.217699997,-8226517.939300001
10X319,X211,X319,Providing Urban Learners Success In Education High,10,40.848385,-73.893744,4990004.141500004,-8225813.9549
10X331,X306,X331,The Bronx School of Young Leaders,10,40.850722,-73.910827,4990348.064599998,-8227715.625700001
10X340,X340,X340,P.S. 340,10,40.869407,-73.897171,4993098.267099999,-8226195.446799999
10X342,X430,X342,International School for Liberal Arts,10,40.869061,-73.897066,4993047.3330999985,-8226183.758199999
10X344,X095,X344,Ampark Neighborhood,10,40.883049,-73.891664,4995106.692199998,-8225582.4103
10X351,X440,X351,Bronx Collaborative High School,10,40.879958,-73.889011,4994651.5876,-8225287.079700001
10X353,X440,X353,World View High School,10,40.879958,-73.889011,4994651.5876,-8225287.079700001
10X360,X360,X360,P.S. 360,10,40.874717,-73.902214,4993879.9755000025,-8226756.831
10X363,X115,X363,Academy For Personal Leadership And Excellence,10,40.859496,-73.90049,4991639.392999999,-8226564.916200001
10X368,X368,X368,In-Tech Academy (M.S. / High School 368),10,40.877935,-73.913694,4994353.741899997,-8228034.7787
10X374,X435,X374,Knowledge and Power Preparatory Academy Internatio,10,40.859466,-73.888625,4991634.977399997,-8225244.110400001
10X386,X079,X386,School for Environmental Citizenship,10,40.855337,-73.903139,4991027.263800003,-8226859.8015
10X390,X026,X390,M.S. 390,10,40.854335,-73.913016,4990879.793300003,-8227959.304099999
10X391,X137,X391,The Angelo Patri Middle School,10,40.854257,-73.897404,4990868.313699998,-8226221.384199999
10X396,X026,X396,P.S. 396,10,40.854335,-73.913016,4990879.793300003,-8227959.304099999
10X397,X475,X397,English Language Learners and International Suppor,10,40.877379,-73.912686,4994271.8838,-8227922.568700001
10X433,X430,X433,High School for Teaching and the Professions,10,40.869061,-73.897066,4993047.3330999985,-8226183.758199999
10X434,X435,X434,Belmont Preparatory High School,10,40.859466,-73.888625,4991634.977399997,-8225244.110400001
10X437,X435,X437,Fordham High School for the Arts,10,40.859466,-73.888625,4991634.977399997,-8225244.110400001
10X438,X435,X438,Fordham Leadership Academy,10,40.859466,-73.888625,4991634.977399997,-8225244.110400001
10X439,X435,X439,Bronx High School for Law and Community Service,10,40.859466,-73.888625,4991634.977399997,-8225244.110400001
10X440,X440,X440,DeWitt Clinton High School,10,40.879958,-73.889011,4994651.5876,-8225287.079700001
10X442,X430,X442,"Celia Cruz Bronx High School of Music, The",10,40.869061,-73.897066,4993047.3330999985,-8226183.758199999
10X445,X445,X445,The Bronx High School of Science,10,40.879958,-73.889011,4994651.5876,-8225287.079700001
10X447,X079,X447,Creston Academy,10,40.855337,-73.903139,4991027.263800003,-8226859.8015
10X477,X475,X477,Marble Hill High School for International Studies,10,40.877379,-73.912686,4994271.8838,-8227922.568700001
10X524,X660,X524,Crotona International High School,10,40.855392,-73.882487,4991035.358499996,-8224560.8314
10X535,X444,X535,Rose Hill Pre-K Center,10,40.861316,-73.893236,4991907.276100002,-8225757.4046
10X546,X475,X546,Bronx Theatre High School,10,40.877379,-73.912686,4994271.8838,-8227922.568700001
10X549,X430,X549,Discovery High School,10,40.869061,-73.897066,4993047.3330999985,-8226183.758199999
10X565,X660,X565,High School for Energy and Technology,10,40.855392,-73.882487,4991035.358499996,-8224560.8314
10X696,X905,X696,High School of American Studies at Lehman College,10,40.874725,-73.895543,4993881.153300002,-8226014.218699999
11X016,X016,X016,P.S. 016 Wakefield,11,40.902311,-73.854231,4997943.2192,-8221415.387800001
11X019,X019,X019,P.S. 019 Judith K. Weiss,11,40.899351,-73.866949,4997507.275200002,-8222831.1491
11X021,X021,X021,P.S. 021 Philip H. Sheridan,11,40.887888,-73.85942,4995819.206900001,-8221993.024700001
11X041,X041,X041,P.S. 041 Gun Hill Road,11,40.874754,-73.867834,4993885.422700003,-8222929.6669
11X068,X068,X068,P.S. 068 Bronx,11,40.891603,-73.83888,4996366.254500002,-8219706.522299999
11X076,X076,X076,P.S. 076 The Bennington School,11,40.869059,-73.860928,4993047.038699999,-8222160.8945
11X078,X078,X078,P.S. 078 Anne Hutchinson,11,40.878474,-73.850563,4994433.0978000015,-8221007.068
11X083,X083,X083,P.S. 083 Donald Hertz,11,40.849176,-73.858769,4990120.5471,-8221920.5557
11X087,X087,X087,P.S. 087 Bronx,11,40.895741,-73.846198,4996975.626500003,-8220521.158399999
11X089,X089,X089,P.S. 089 Bronx,11,40.862481,-73.859254,4992078.754500002,-8221974.545700001
11X096,X096,X096,P.S. 096 Richard Rodgers,11,40.86073,-73.868986,4991821.0227999985,-8223057.9069
11X097,X097,X097,P.S. 097 Bronx,11,40.863524,-73.846768,4992232.278099999,-8220584.6105
11X103,X103,X103,P.S. 103 Hector Fontanez,11,40.892198,-73.86194,4996453.873300001,-8222273.549799999
11X105,X105,X105,P.S. 105 Sen Abraham Bernstein,11,40.853075,-73.866264,4990694.354599997,-8222754.895300001
11X106,X106,X106,P.S. 106 Parkchester,11,40.836974,-73.854823,4988325.023000002,-8221481.289000001
11X108,X108,X108,P.S. 108 Philip J. Abinanti,11,40.8547,-73.8532,4990933.5123,-8221300.6175
11X111,X111,X111,P.S. 111 Seton Falls,11,40.884371,-73.839288,4995301.343800001,-8219751.9407
11X112,X112,X112,P.S. 112 Bronxwood,11,40.88494,-73.843977,4995385.124799997,-8220273.9178
11X121,X121,X121,P.S. 121 Throop,11,40.866474,-73.85051,4992666.514200002,-8221001.168
11X127,X127,X127,J.H.S. 127 The Castle Hill,11,40.838759,-73.853203,4988587.665100001,-8221300.951400001
11X144,X144,X144,J.H.S. 144 Michelangelo,11,40.863842,-73.836525,4992279.086300001,-8219444.3649
11X153,X153,X153,P.S. 153 Helen Keller,11,40.874035,-73.831669,4993779.571800001,-8218903.797499999
11X160,X160,X160,P.S. 160 Walt Disney,11,40.864073,-73.823816,4992313.0886999965,-8218029.6055
11X169,X169,X169,Baychester Academy,11,40.881344,-73.839386,4994855.6532000005,-8219762.85
11X175,X175,X175,P.S. 175 City Island,11,40.844353,-73.78354,4989410.803199999,-8213546.1017
11X178,X178,X178,P.S. 178 - Dr. Selman Waksman,11,40.874035,-73.831669,4993779.571800001,-8218903.797499999
11X180,X180,X180,M.S. 180 Dr. Daniel Hale Williams,11,40.874035,-73.831669,4993779.571800001,-8218903.797499999
11X181,X181,X181,I.S. 181 Pablo Casals,11,40.874035,-73.831669,4993779.571800001,-8218903.797499999
11X189,X189,X189,Cornerstone Academy for Social Action,11,40.882778,-73.830616,4995066.7905,-8218786.5781
11X194,X194,X194,P.S./M.S. 194,11,40.83541,-73.846594,4988094.9043999985,-8220565.240900001
11X249,X455,X249,Bronx Health Sciences High School,11,40.874035,-73.831669,4993779.571800001,-8218903.797499999
11X265,X425,X265,Bronx Lab School,11,40.875172,-73.861649,4993946.961000003,-8222241.1558
11X270,X362,X270,Academy for Scholarship and Entrepreneurship: A Co,11,40.888242,-73.852714,4995871.333400004,-8221246.5162
11X275,X425,X275,High School of Computers and Technology,11,40.875172,-73.861649,4993946.961000003,-8222241.1558
11X287,X113,X287,North Bronx School of Empowerment,11,40.880649,-73.860126,4994753.325400002,-8222071.6162
11X288,X415,X288,Collegiate Institute for Math and Science,11,40.860443,-73.860729,4991778.779600002,-8222138.741900001
11X290,X425,X290,Bronx Academy of Health Careers,11,40.875172,-73.861649,4993946.961000003,-8222241.1558
11X299,X415,X299,Astor Collegiate Academy,11,40.860443,-73.860729,4991778.779600002,-8222138.741900001
11X326,X135,X326,Bronx Green Middle School,11,40.862098,-73.865028,4992022.379699998,-8222617.304400001
11X355,X142,X355,Bronx Alliance Middle School,11,40.886002,-73.839682,4995541.498099998,-8219795.8006
11X357,X292,X357,Young Voices Academy of the Bronx,11,40.854423,-73.863733,4990892.7447,-8222473.1457
11X370,X113,X370,Leaders of Tomorrow,11,40.880649,-73.860126,4994753.325400002,-8222071.6162
11X418,X839,X418,Bronx High School for the Visual Arts,11,40.851577,-73.864438,4990473.893100001,-8222551.6259
11X455,X455,X455,Harry S Truman High School,11,40.874035,-73.831669,4993779.571800001,-8218903.797499999
11X462,X189,X462,Cornerstone Academy for Social Action Middle Schoo,11,40.882778,-73.830616,4995066.7905,-8218786.5781
11X468,X135,X468,Pelham Academy of Academics and Community Engageme,11,40.862098,-73.865028,4992022.379699998,-8222617.304400001
11X481,X311,X481,The STEAM Bridge School,11,40.843531,-73.865498,4989289.844400004,-8222669.624600001
11X483,X314,X483,The Matilda Avenue School,11,40.901436,-73.854402,4997814.3486,-8221434.4235
11X498,X498,X498,P.S./M.S. 11X498 - Van Nest Academy,11,40.845023,-73.857989,4989509.3961,-8221833.726500001
11X508,X415,X508,Bronxdale High School,11,40.860443,-73.860729,4991778.779600002,-8222138.741900001
11X509,X415,X509,High School of Language and Innovation,11,40.860443,-73.860729,4991778.779600002,-8222138.741900001
11X513,X362,X513,New World High School,11,40.888242,-73.852714,4995871.333400004,-8221246.5162
11X514,X362,X514,The Bronxwood Preparatory Academy,11,40.888242,-73.852714,4995871.333400004,-8221246.5162
11X529,X142,X529,One World Middle School at Edenwald,11,40.886002,-73.839682,4995541.498099998,-8219795.8006
11X532,X142,X532,Baychester Middle School,11,40.886002,-73.839682,4995541.498099998,-8219795.8006
11X542,X415,X542,Pelham Preparatory Academy,11,40.860443,-73.860729,4991778.779600002,-8222138.741900001
11X544,X425,X544,High School for Contemporary Arts,11,40.875172,-73.861649,4993946.961000003,-8222241.1558
11X545,X425,X545,Bronx Aerospace High School,11,40.875172,-73.861649,4993946.961000003,-8222241.1558
11X556,X135,X556,Bronx Park Middle School,11,40.862098,-73.865028,4992022.379699998,-8222617.304400001
11X566,X144,X566,Pelham Gardens Middle School,11,40.863842,-73.836525,4992279.086300001,-8219444.3649
11X567,X127,X567,Linden Tree Elementary School,11,40.838759,-73.853203,4988587.665100001,-8221300.951400001
12X006,X006,X006,P.S. 006 West Farms,12,40.840445,-73.882531,4988835.747000001,-8224565.7294
12X044,X044,X044,P.S. 044 David C. Farragut,12,40.842564,-73.891086,4989147.550399996,-8225518.0677000005
12X047,X047,X047,P.S. 047 John Randolph,12,40.832529,-73.866974,4987671.023500003,-8222833.9321
12X057,X057,X057,P.S. 057 Crescent,12,40.848748,-73.888987,4990057.561300002,-8225284.4081
12X061,X061,X061,P.S. 061 Francisco Oller,12,40.836156,-73.892784,4988204.666199997,-8225707.088199999
12X066,X066,X066,P.S. 066 School of Higher Expectations,12,40.831493,-73.88654,4987518.601499997,-8225012.009299999
12X067,X067,X067,P.S. 067 Mohegan School,12,40.843781,-73.884192,4989326.632200003,-8224750.631100001
12X129,X129,X129,M.S. 129 Academy for Independent Learning and Lead,12,40.846128,-73.886721,4989672.002999999,-8225032.1581
12X134,X134,X134,P.S. 134 George F. Bristow,12,40.831613,-73.894241,4987536.256499998,-8225869.2807
12X150,X150,X150,P.S. 150 Charles James Fox,12,40.82471,-73.894349,4986520.7086,-8225881.303200001
12X190,X061,X190,E.S.M.T- I.S. 190,12,40.836156,-73.892784,4988204.666199997,-8225707.088199999
12X195,X077,X195,P.S. 195,12,40.830811,-73.877305,4987418.263300002,-8223983.9738
12X196,X077,X196,P.S. 196,12,40.830811,-73.877305,4987418.263300002,-8223983.9738
12X211,X193,X211,P.S. 211,12,40.843705,-73.890145,4989315.448700003,-8225413.316
12X214,X167,X214,P.S. 214,12,40.839297,-73.879931,4988666.827,-8224276.298800001
12X217,X116,X217,School of Performing Arts,12,40.822056,-73.894368,4986130.288599998,-8225883.418299999
12X242,X423,X242,Mott Hall V,12,40.832508,-73.878191,4987667.933799997,-8224082.6028
12X248,X099,X248,"Metropolitan High School, The",12,40.827539,-73.896925,4986936.8895,-8226168.0622000005
12X251,X098,X251,Explorations Academy H.S.,12,40.836245,-73.890591,4988217.761200003,-8225462.964500001
12X267,X158,X267,Bronx Latin,12,40.826933,-73.900593,4986847.737899996,-8226576.382099999
12X271,X973,X271,East Bronx Academy for the Future,12,40.836821,-73.887688,4988302.511200003,-8225139.804099999
12X273,X057,X273,Frederick Douglass Academy V. Middle School,12,40.848748,-73.888987,4990057.561300002,-8225284.4081
12X286,X066,X286,Fannie Lou Hamer Middle School,12,40.831493,-73.88654,4987518.601499997,-8225012.009299999
12X300,X234,X300,The School of Science and Applied Learning,12,40.846128,-73.886721,4989672.002999999,-8225032.1581
12X314,X050,X314,Fairmont Neighborhood School,12,40.834188,-73.886995,4987915.109499998,-8225062.659600001
12X316,X129,X316,Kappa III,12,40.846128,-73.886721,4989672.002999999,-8225032.1581
12X318,X193,X318,"I.S. X318 Math, Science & Technology Through Arts",12,40.843705,-73.890145,4989315.448700003,-8225413.316
12X341,X116,X341,Accion Academy,12,40.822056,-73.894368,4986130.288599998,-8225883.418299999
12X383,X167,X383,Emolior Academy,12,40.839297,-73.879931,4988666.827,-8224276.298800001
12X388,X420,X388,Pan American International High School at Monroe,12,40.832508,-73.878191,4987667.933799997,-8224082.6028
12X446,X401,X446,Arturo A. Schomburg Satellite Academy Bronx,12,40.823124,-73.898265,4986287.396200001,-8226317.2303
12X458,X320,X458,Samara Community School,12,40.833595,-73.885081,4987827.861699998,-8224849.5941
12X463,X198,X463,Urban Scholars Community School,12,40.828406,-73.900121,4987064.439499997,-8226523.839299999
12X478,X423,X478,The Cinema School,12,40.832508,-73.878191,4987667.933799997,-8224082.6028
12X479,X158,X479,Bronx Career and College Preparatory High School,12,40.826933,-73.900593,4986847.737899996,-8226576.382099999
12X480,X401,X480,Bronx Regional High School,12,40.823124,-73.898265,4986287.396200001,-8226317.2303
12X511,X098,X511,Bronx Envision Academy,12,40.836245,-73.890591,4988217.761200003,-8225462.964500001
12X521,X420,X521,The Metropolitan Soundview High School,12,40.832508,-73.878191,4987667.933799997,-8224082.6028
12X531,X102,X531,Archer Elementary School,12,40.838151,-73.866038,4988498.2042,-8222729.7371
12X536,X102,X536,P.S. 536,12,40.838151,-73.866038,4988498.2042,-8222729.7371
12X550,X420,X550,High School of World Cultures,12,40.832508,-73.878191,4987667.933799997,-8224082.6028
12X595,X092,X595,P.S. 595,12,40.846205,-73.889602,4989683.334100001,-8225352.8696
12X626,X484,X626,Cultivating Hearts and Minds Pre-K Center,12,40.839563,-73.880672,4988705.966700003,-8224358.786499999
12X641,X098,X641,Bard High School Early College Bronx,12,40.836245,-73.890591,4988217.761200003,-8225462.964500001
12X682,X878,X682,Fannie Lou Hamer Freedom High School,12,40.831212,-73.885804,4987477.2597,-8224930.0781
12X684,X879,X684,Wings Academy,12,40.841376,-73.875262,4988972.739100002,-8223756.5481
12X691,X102,X691,Bronx Little School,12,40.838151,-73.866038,4988498.2042,-8222729.7371
13K003,K003,K003,P.S. 003 The Bedford Village,13,40.682311,-73.955219,4965594.937799998,-8232657.320599999
13K008,K008,K008,The Emily Warren Roebling School,13,40.700709,-73.992841,4968296.035700001,-8236845.3825
13K009,K009,K009,Public School 9 The Sarah Smith Garnet School,13,40.678554,-73.966333,4965043.446400002,-8233894.5254
13K011,K011,K011,P.S. 011 Purvis J. Behan,13,40.685896,-73.96589,4966121.210199997,-8233845.210899999
13K020,K020,K020,P.S. 020 Clinton Hill,13,40.690742,-73.970896,4966832.6404,-8234402.476199999
13K044,K044,K044,P.S. 044 Marcus Garvey,13,40.686213,-73.940859,4966167.746699996,-8231058.772700001
13K046,K046,K046,P.S. 046 Edward C. Blum,13,40.69453,-73.971644,4967388.784100004,-8234485.7432
13K054,K054,K054,P.S. 54 The Detective Rafael Ramos School,13,40.692616,-73.952504,4967107.772,-8232355.088199999
13K056,K056,K056,P.S. 056 Lewis H. Latimer,13,40.684286,-73.960536,4965884.861199997,-8233249.2063
13K067,K067,K067,P.S. 067 Charles A. Dorsey,13,40.695339,-73.977674,4967507.5634,-8235156.9998
13K093,K093,K093,P.S. 093 William H. Prescott,13,40.679079,-73.946381,4965120.509499997,-8231673.4789
13K113,K113,K113,M.S. 113 Ronald Edmonds Learning Center,13,40.688769,-73.971474,4966542.982500002,-8234466.8189
13K133,K317,K133,P.S. 133 William A. Butler,13,40.679916,-73.980455,4965243.371299997,-8235466.579299999
13K256,K256,K256,P.S. 256 Benjamin Banneker,13,40.690595,-73.94961,4966811.058899999,-8232032.9296
13K265,K265,K265,Dr. Susan S. McKinney Secondary School of the Arts,13,40.697177,-73.976104,4967777.428099997,-8234982.2282
13K266,K902,K266,M.S. K266 - Park Place Community Middle School,13,40.678809,-73.976648,4965080.876999997,-8235042.786
13K270,K270,K270,P.S. 270 Johann DeKalb,13,40.689499,-73.960808,4966650.153499998,-8233279.485200001
13K282,K282,K282,P.S. 282 Park Slope,13,40.676649,-73.977983,4964763.822700001,-8235191.397500001
13K287,K287,K287,P.S. 287 Bailey K. Ashford,13,40.697856,-73.98112,4967877.124300003,-8235540.606699999
13K301,K093,K301,Restoration Academy,13,40.679079,-73.946381,4965120.509499997,-8231673.4789
13K307,K307,K307,P.S. 307 Daniel Hale Williams,13,40.701789,-73.981599,4968454.618799999,-8235593.9288
13K313,K611,K313,Dock Street School for STEAM Studies,13,40.702952,-73.992076,4968625.392200001,-8236760.223099999
13K350,K805,K350,Urban Assembly School of Music and Art,13,40.69733,-73.984528,4967799.892700002,-8235919.9835
13K351,K056,K351,The Urban Assembly Unison School,13,40.684286,-73.960536,4965884.861199997,-8233249.2063
13K412,K117,K412,Brooklyn Community Arts & Media High School (BCAM),13,40.692015,-73.95818,4967019.5352,-8232986.9376
13K419,K805,K419,"Science Skills Center High School for Science, Tec",13,40.69733,-73.984528,4967799.892700002,-8235919.9835
13K430,K430,K430,Brooklyn Technical High School,13,40.688896,-73.976435,4966561.627300002,-8235019.074899999
13K439,K805,K439,Brooklyn International High School,13,40.69733,-73.984528,4967799.892700002,-8235919.9835
13K482,K748,K482,Albee Square Montessori Public School,13,40.691124,-73.983827,4966888.723200001,-8235841.9486
13K483,K313,K483,The Urban Assembly School for Law and Justice,13,40.694629,-73.988323,4967403.319399998,-8236342.441
13K492,K305,K492,Academy of Arts and Letters,13,40.685653,-73.94573,4966085.537299998,-8231601.0099
13K527,K313,K527,Urban Assembly Institute of Math and Science for Y,13,40.694629,-73.988323,4967403.319399998,-8236342.441
13K553,K458,K553,Brooklyn Academy High School,13,40.684654,-73.947873,4965938.883299999,-8231839.567600001
13K594,K909,K594,Gotham Professional Arts Academy,17,40.678591,-73.961636,4965048.877499998,-8233371.6578
13K595,K994,K595,Bedford Academy High School,13,40.685486,-73.953692,4966061.021399997,-8232487.3357
13K605,K580,K605,George Westinghouse Career and Technical Education,13,40.695444,-73.986105,4967522.979800001,-8236095.534399999
13K616,K117,K616,Brooklyn High School for Leadership and Community,13,40.692015,-73.95818,4967019.5352,-8232986.9376
13K670,K914,K670,Benjamin Banneker Academy,13,40.695389,-73.968759,4967514.9045,-8234164.5865
13K674,K580,K674,"City Polytechnic High School of Engineering, Archi",13,40.695444,-73.986105,4967522.979800001,-8236095.534399999
13K691,K046,K691,Fort Greene Preparatory Academy,13,40.69453,-73.971644,4967388.784100004,-8234485.7432
13K869,K611,K869,District 13 PRE-K Center,13,40.702952,-73.992076,4968625.392200001,-8236760.223099999
13K915,K653,K915,Bridges: A School for Exploration and Equity,13,40.682163,-73.973492,4965573.212200001,-8234691.4616
13K963,K653,K963,Design Works High School,13,40.682163,-73.973492,4965573.212200001,-8234691.4616
14K016,K016,K016,P.S. 016 Leonard Dunkly,14,40.706069,-73.962049,4969083.103100002,-8233417.6327
14K017,K017,K017,P.S. 017 Henry D. Woodworth,14,40.715268,-73.9573,4970434.0405,-8232888.976399999
14K018,K018,K018,P.S. 018 Edward Bush,14,40.71088,-73.946695,4969789.608800001,-8231708.4332
14K023,K023,K023,P.S. 023 Carter G. Woodson,14,40.69447,-73.947256,4967379.974799998,-8231770.8835
14K031,K031,K031,P.S. 031 Samuel F. Dupont,14,40.72697,-73.954139,4972152.830799997,-8232537.0955
14K034,K034,K034,P.S. 034 Oliver H. Perry,14,40.726378,-73.949756,4972065.870499998,-8232049.1822
14K050,K050,K050,J.H.S. 050 John D. Wells,14,40.711915,-73.960137,4969941.6074,-8233204.789799999
14K059,K059,K059,P.S. 059 The Dawn Best School,14,40.697619,-73.943279,4967842.325999998,-8231328.165899999
14K071,K071,K071,Juan Morel Campos Secondary School,14,40.703996,-73.953304,4968778.694300003,-8232444.1438
14K084,K084,K084,P.S. 084 Jose De Diego,14,40.715089,-73.963808,4970407.7513,-8233613.443700001
14K110,K110,K110,P.S. 110 The Monitor,14,40.723743,-73.941926,4971678.818700001,-8231177.5506
14K120,K120,K120,P.S. 120 Carlos Tapia,14,40.700819,-73.937888,4968312.1875,-8230728.0425
14K126,K126,K126,John Ericsson Middle School 126,14,40.719818,-73.947932,4971102.308799997,-8231846.135500001
14K132,K132,K132,P.S. 132 The Conselyea School,14,40.714772,-73.945663,4970361.194700003,-8231593.5515
14K147,K147,K147,P.S. 147 Isaac Remsen,14,40.705005,-73.93879,4968926.859300002,-8230828.4527
14K157,K157,K157,P.S./I.S. 157 The Benjamin Franklin Health & Scien,14,40.695397,-73.959999,4967516.079099998,-8233189.4278
14K196,K196,K196,P.S. 196 Ten Eyck,14,40.708804,-73.939385,4969484.737400003,-8230894.6877999995
14K250,K250,K250,P.S. 250 George H. Lindsay,14,40.706708,-73.945659,4969176.938699998,-8231593.1063
14K257,K257,K257,P.S. 257 John F. Hylan,14,40.702759,-73.941345,4968597.052100003,-8231112.874
14K297,K297,K297,P.S. 297 Abraham Stockton,14,40.697377,-73.948166,4967806.7936,-8231872.1842
14K318,K318,K318,I.S. 318 Eugenio Maria De Hostos,14,40.703034,-73.948771,4968637.4331,-8231939.532500001
14K319,K319,K319,P.S. 319,14,40.709632,-73.953881,4969606.332400002,-8232508.3751
14K380,K380,K380,P.S. 380 John Wayne Elementary,14,40.70179,-73.953702,4968454.765600003,-8232488.448899999
14K414,K019,K414,Brooklyn Arbor Elementary School,14,40.710107,-73.954678,4969676.088600002,-8232597.0967
14K449,K049,K449,"Brooklyn Latin School, The",14,40.709765,-73.944463,4969625.864100002,-8231459.9681
14K454,K049,K454,The Williamsburg High School of Art and Technology,14,40.709765,-73.944463,4969625.864100002,-8231459.9681
14K474,K450,K474,PROGRESS High School for Professional Careers,14,40.711134,-73.938921,4969826.910599999,-8230843.035499999
14K477,K450,K477,East Williamsburg Scholars Academy,14,40.711134,-73.938921,4969826.910599999,-8230843.035499999
14K478,K450,K478,"The High School for Enterprise, Business and Techn",14,40.711134,-73.938921,4969826.910599999,-8230843.035499999
14K488,K650,K488,Brooklyn Preparatory High School,14,40.715561,-73.954815,4970477.072700001,-8232612.3475
14K558,K650,K558,Williamsburg High School for Architecture and Desi,14,40.715561,-73.954815,4970477.072700001,-8232612.3475
14K561,K650,K561,Williamsburg Preparatory School,14,40.715561,-73.954815,4970477.072700001,-8232612.3475
14K577,K017,K577,Conselyea Preparatory School,14,40.715268,-73.9573,4970434.0405,-8232888.976399999
14K582,K196,K582,M.S. 582,14,40.708804,-73.939385,4969484.737400003,-8230894.6877999995
14K586,K049,K586,Lyons Community School,14,40.709765,-73.944463,4969625.864100002,-8231459.9681
14K610,K610,K610,A-Tech High School,14,40.721448,-73.953328,4971341.721500002,-8232446.815400001
14K614,K147,K614,Young Women's Leadership School of Brooklyn,14,40.705005,-73.93879,4968926.859300002,-8230828.4527
14K685,K778,K685,El Puente Academy for Peace and Justice,14,40.70554,-73.955741,4969005.421400003,-8232715.429400001
15K001,K001,K001,P.S. 001 The Bergen,15,40.648959,-74.01142,4960700.272200003,-8238913.587300001
15K010,K010,K010,"Magnet School of Math, Science and Design Technolo",15,40.660912,-73.985946,4962454.1866,-8236077.8346
15K015,K015,K015,P.S. 015 Patrick F. Daly,15,40.677085,-74.011864,4964827.819899999,-8238963.0131
15K024,K024,K024,P.S. 024,15,40.652832,-74.004533,4961268.539499998,-8238146.93
15K029,K029,K029,P.S. 029 John M. Harrigan,15,40.686843,-73.997447,4966260.233000003,-8237358.119999999
15K032,K032,K032,P.S. 032 Samuel Mills Sprole,15,40.680159,-73.991141,4965279.041199997,-8236656.1393
15K038,K038,K038,P.S. 038 The Pacific,15,40.684945,-73.982826,4965981.6021,-8235730.5178
15K039,K039,K039,P.S. 039 Henry Bristow,15,40.668644,-73.982909,4963588.903099999,-8235739.757300001
15K051,K051,K051,M.S. 51 William Alexander,15,40.672358,-73.98505,4964134.0013,-8235978.0923
15K058,K058,K058,P.S. 058 The Carroll,15,40.680379,-73.995486,4965311.335000001,-8237139.8225
15K088,K088,K088,J.H.S. 088 Peter Rouget,15,40.660805,-73.988743,4962438.4846,-8236389.1952
15K094,K094,K094,P.S. 094 The Henry Longfellow,15,40.64373,-74.008795,4959933.097599998,-8238621.3736000005
15K107,K107,K107,P.S. 107 John W. Kimball,15,40.662945,-73.981181,4962752.5286,-8235547.3972
15K118,K763,K118,The Maurice Sendak Community School,15,40.671145,-73.987602,4963955.967799999,-8236262.1797
15K124,K124,K124,P.S. 124 Silas B. Dutcher,15,40.667464,-73.99062,4963415.7227,-8236598.141899999
15K130,K130,K130,P.S. 130 The Parkside,15,40.648924,-73.976053,4960695.137000002,-8234976.550899999
15K131,K131,K131,P.S. 131 Brooklyn,15,40.640728,-73.993247,4959492.6853,-8236890.578199999
15K136,K136,K136,I.S. 136 Charles O. Dewey,15,40.652127,-74.007596,4961165.095700003,-8238487.9015999995
15K146,K142,K146,"The Brooklyn New School, P.S. 146",15,40.679462,-74.002022,4965176.729199998,-8237867.4067
15K154,K154,K154,The Windsor Terrace School,15,40.657002,-73.975967,4961880.421099998,-8234966.977399999
15K169,K169,K169,P.S. 169 Sunset Park,15,40.645825,-74.0017,4960240.459100001,-8237831.561799999
15K172,K172,K172,P.S. 172 Beacon School of Excellence,15,40.657682,-74.000191,4961980.204000004,-8237663.580700001
15K230,K230,K230,P.S. 230 Doris L. Cohen,15,40.645609,-73.980515,4960208.768799998,-8235473.258400001
15K261,K261,K261,P.S. 261 Zipporiah Mills,15,40.687218,-73.988667,4966315.284900002,-8236380.7349
15K295,K845,K295,P.S. 295,15,40.660805,-73.988743,4962438.4846,-8236389.1952
15K321,K321,K321,P.S. 321 William Penn,15,40.671816,-73.978633,4964054.450900003,-8235263.755100001
15K418,K834,K418,The Children's School,15,40.676198,-73.9855,4964697.624200001,-8236028.1861000005
15K423,K520,K423,Brooklyn Frontiers High School,15,40.690007,-73.989369,4966724.733400002,-8236458.881200001
15K428,K333,K428,Global Innovators Academy,15,40.650793,-74.008106,4960969.362400003,-8238544.6745
15K429,K293,K429,Digital Arts and Cinema Technology High School,15,40.685006,-73.993293,4965990.556999996,-8236895.698899999
15K442,K280,K442,M.S. 442 Carroll Gardens School for Innovation,15,40.656952,-73.983116,4961873.084200002,-8235762.8004
15K443,K845,K443,New Voices School of Academic & Creative Arts,15,40.660805,-73.988743,4962438.4846,-8236389.1952
15K447,K655,K447,The Exploratory School,15,40.683951,-73.980266,4965835.683700003,-8235445.539899999
15K448,K142,K448,Brooklyn Collaborative Studies,15,40.679462,-74.002022,4965176.729199998,-8237867.4067
15K456,K654,K456,The Elizabeth Jennings School for Bold Explorers,15,40.686498,-73.979649,4966209.585600004,-8235376.855699999
15K462,K460,K462,John Jay School for Law,15,40.669255,-73.97858,4963678.5766,-8235257.8552
15K463,K460,K463,Cyberarts Studio Academy,15,40.669255,-73.97858,4963678.5766,-8235257.8552
15K464,K460,K464,Park Slope Collegiate,15,40.669255,-73.97858,4963678.5766,-8235257.8552
15K497,K293,K497,The Boerum Hill School for International Studies,15,40.685006,-73.993293,4965990.556999996,-8236895.698899999
15K516,K557,K516,Sunset Park Avenues Elementary School,15,40.650404,-74.008984,4960912.286499999,-8238642.413000001
15K519,K804,K519,Cobble Hill School of American Studies,15,40.684869,-73.990884,4965970.445299998,-8236627.530200001
15K529,K781,K529,West Brooklyn Community High School,15,40.642619,-73.992151,4959770.104599997,-8236768.572000001
15K592,K806,K592,Khalil Gibran International Academy,15,40.686147,-73.979829,4966158.057700001,-8235396.893300001
15K656,K655,K656,Brooklyn High School of the Arts,15,40.683951,-73.980266,4965835.683700003,-8235445.539899999
15K667,K564,K667,Sunset Park High School,15,40.655583,-74.004342,4961672.200999998,-8238125.6679
15K676,K027,K676,Red Hook Neighborhood School,15,40.677914,-74.005151,4964949.503700003,-8238215.725400001
15K684,K460,K684,Millennium Brooklyn HS,15,40.669255,-73.97858,4963678.5766,-8235257.8552
15K698,K825,K698,South Brooklyn Community High School,15,40.677968,-74.014363,4964957.430100001,-8239241.2005
15K767,K749,K767,The Little Brooklyn Pre-K Center,15,40.661059,-73.998973,4962475.758500002,-8237527.9936
15K821,K136,K821,Sunset Park Prep,15,40.652127,-74.007596,4961165.095700003,-8238487.9015999995
15K839,K437,K839,M.S. 839,15,40.647598,-73.973363,4960500.586800002,-8234677.101399999
15K863,K280,K863,Pre-K Center at Bishop Ford School Site,15,40.656952,-73.983116,4961873.084200002,-8235762.8004
15K896,K682,K896,The School of Creativity and Innovation,15,40.643018,-74.004306,4959828.640900001,-8238121.6603999995
15K958,K671,K958,P.S. 958,15,40.653344,-74.002162,4961343.665299997,-8237882.9914
16K005,K005,K005,P.S. 005 Dr. Ronald McNair,16,40.685241,-73.92197,4966025.055100001,-8228956.058800001
16K021,K021,K021,P.S. 021 Crispus Attucks,16,40.68035,-73.926673,4965307.078000002,-8229479.5944
16K025,K025,K025,P.S. 025 Eubie Blake School,16,40.691472,-73.940749,4966939.814599998,-8231046.5276
16K026,K026,K026,P.S. 026 Jesse Owens,16,40.6921,-73.9317,4967032.014600001,-8230039.1975
16K035,K035,K035,M.S. 035 Stephen Decatur,16,40.681528,-73.935891,4965479.998400003,-8230505.737500001
16K040,K040,K040,P.S. 040 George W. Carver,16,40.680239,-73.921099,4965290.7842999995,-8228859.0996
16K057,K057,K057,Whitelaw Reid Academy of Arts and Business,16,40.691467,-73.932254,4966939.080499999,-8230100.8685
16K081,K081,K081,P.S. 081 Thaddeus Stevens,16,40.692866,-73.935123,4967144.476300001,-8230420.244100001
16K243,K243,K243,P.S. 243K- The Weeksville School,16,40.675675,-73.935093,4964620.858099997,-8230416.9045
16K262,K262,K262,P.S. 262 El Hajj Malik El Shabazz Elementary Schoo,16,40.682949,-73.930132,4965688.593099996,-8229864.648499999
16K267,K324,K267,"M.S. 267 Math, Science & Technology",16,40.68797,-73.932066,4966425.6831,-8230079.940400001
16K308,K308,K308,P.S. 308 Clara Cardwell,16,40.688323,-73.935509,4966477.506099999,-8230463.213400001
16K309,K309,K309,P.S. 309 The George E. Wibecan Preparatory Academy,16,40.6881,-73.924422,4966444.767999999,-8229229.0142
16K335,K335,K335,P.S. 335 Granville T. Woods,16,40.674491,-73.928673,4964447.0722,-8229702.2334
16K455,K455,K455,Boys and Girls High School,16,40.678478,-73.931604,4965032.2907000035,-8230028.5108
16K498,K987,K498,Brooklyn High School for Law and Technology,16,40.688399,-73.920603,4966488.6635000035,-8228803.8851
16K627,K304,K627,Brighter Choice Community School,16,40.693654,-73.941278,4967260.169399999,-8231105.4156
16K628,K035,K628,Brooklyn Brownstone School,16,40.681528,-73.935891,4965479.998400003,-8230505.737500001
16K669,K455,K669,Research and Service High School,16,40.678478,-73.931604,4965032.2907000035,-8230028.5108
16K681,K026,K681,Madiba Prep Middle School,16,40.6921,-73.9317,4967032.014600001,-8230039.1975
16K688,K057,K688,The Brooklyn Academy of Global Finance,16,40.691467,-73.932254,4966939.080499999,-8230100.8685
16K765,K455,K765,Nelson Mandela High School,16,40.678478,-73.931604,4965032.2907000035,-8230028.5108
16K898,K335,K898,The Brooklyn Green School,16,40.674491,-73.928673,4964447.0722,-8229702.2334
17K002,K002,K002,Parkside Preparatory Academy,17,40.656423,-73.951575,4961795.459700003,-8232251.6724
17K006,K006,K006,Norma Adams Clemons Academy,17,40.648973,-73.956279,4960702.326300003,-8232775.3192
17K012,K012,K012,Dr. Jacqueline Peek-Davis School,23,40.673124,-73.920095,4964246.429799996,-8228747.334799999
17K061,K061,K061,M.S. 061 Dr. Gladstone H. Atwell,17,40.663605,-73.949198,4962849.385300003,-8231987.0659
17K091,K091,K091,P.S. 091 The Albany Avenue School,17,40.661806,-73.940707,4962585.379600003,-8231041.8521
17K092,K092,K092,P.S. 092 Adrian Hegeman,17,40.656276,-73.95381,4961773.889300004,-8232500.4714
17K122,K625,K122,Pathways in Technology Early College High School (,17,40.675905,-73.939282,4964654.6175,-8230883.221899999
17K138,K138,K138,P.S. 138 Brooklyn,17,40.673943,-73.951559,4964366.638599999,-8232249.8912
17K161,K161,K161,P.S. 161 The Crown,17,40.665757,-73.949243,4963165.203500003,-8231992.075300001
17K181,K181,K181,P.S. 181 Brooklyn,17,40.648217,-73.945883,4960591.405699998,-8231618.0418
17K189,K189,K189,P.S. 189 The Bilingual Center,17,40.665228,-73.925435,4963087.568800002,-8229341.7809
17K191,K191,K191,P.S. 191 Paul Robeson,17,40.67173,-73.924127,4964041.828599997,-8229196.175000001
17K221,K221,K221,P.S. 221 Toussaint L'Ouverture,17,40.663964,-73.935753,4962902.069899999,-8230490.375399999
17K241,K241,K241,P.S. 241 Emma L. Johnston,17,40.668913,-73.960924,4963628.3829,-8233292.3983
17K246,K246,K246,M.S. 246 Walt Whitman,17,40.648352,-73.95348,4960611.212899998,-8232463.736
17K249,K249,K249,P.S. 249 The Caton,17,40.649509,-73.966456,4960780.9690999985,-8233908.217700001
17K289,K289,K289,P.S. 289 George V. Brower,17,40.674244,-73.942401,4964410.818300001,-8231230.4274
17K316,K316,K316,P.S. 316 Elijah Stroud,17,40.674685,-73.961418,4964475.5471,-8233347.3901
17K340,K874,K340,I.S. 340,13,40.676357,-73.970315,4964720.962399997,-8234337.7996
17K352,K320,K352,Ebbets Field Middle School,17,40.665199,-73.959484,4963083.312799998,-8233132.098200001
17K353,K022,K353,Elijah Stroud Middle School,17,40.6771,-73.960093,4964830.021600001,-8233199.891799999
17K354,K390,K354,The School of Integrated Learning,17,40.67229,-73.937601,4964124.020800002,-8230696.093800001
17K375,K320,K375,P.S. 375 Jackie Robinson School,17,40.665199,-73.959484,4963083.312799998,-8233132.098200001
17K382,K465,K382,Academy for College Preparation and Career Explora,17,40.649602,-73.957173,4960794.614299998,-8232874.8389
17K394,K210,K394,M.S. K394,17,40.67271,-73.928917,4964185.665399998,-8229729.395300001
17K397,K397,K397,P.S. 397 Foster-Laurie,17,40.658663,-73.946358,4962124.157300003,-8231670.9186
17K398,K398,K398,P.S. 398 Walter Weaver,17,40.663388,-73.927979,4962817.539899997,-8229624.977700001
17K399,K399,K399,P.S. 399 Stanley Eugene Clark,17,40.648277,-73.951664,4960600.208899997,-8232261.5798
17K408,K465,K408,Academy of Hospitality and Tourism,17,40.649602,-73.957173,4960794.614299998,-8232874.8389
17K484,K012,K484,Ronald Edmonds Learning Center II,23,40.673124,-73.920095,4964246.429799996,-8228747.334799999
17K524,K440,K524,International High School at Prospect Heights,17,40.669805,-73.960689,4963759.298100002,-8233266.2382
17K528,K440,K528,The High School for Global Citizenship,17,40.669805,-73.960689,4963759.298100002,-8233266.2382
17K532,K167,K532,New Bridges Elementary,17,40.669557,-73.934316,4963722.8999999985,-8230330.4092999995
17K537,K465,K537,High School for Youth and Community Development at,17,40.649602,-73.957173,4960794.614299998,-8232874.8389
17K539,K465,K539,High School for Service & Learning at Erasmus,17,40.649602,-73.957173,4960794.614299998,-8232874.8389
17K543,K465,K543,"Science, Technology and Research Early College Hig",17,40.649602,-73.957173,4960794.614299998,-8232874.8389
17K546,K470,K546,High School for Public Service: Heroes of Tomorrow,17,40.658671,-73.943839,4962125.331200004,-8231390.504799999
17K547,K440,K547,Brooklyn Academy of Science and the Environment,17,40.669805,-73.960689,4963759.298100002,-8233266.2382
17K548,K440,K548,Brooklyn School for Music & Theatre,17,40.669805,-73.960689,4963759.298100002,-8233266.2382
17K568,K907,K568,Brownsville Academy High School,17,40.666251,-73.923881,4963237.702200003,-8229168.7904
17K590,K590,K590,Medgar Evers College Preparatory School,17,40.66679,-73.951823,4963316.805699997,-8232279.2796
17K600,K600,K600,Clara Barton High School,17,40.669805,-73.960689,4963759.298100002,-8233266.2382
17K646,K907,K646,Aspirations Diploma Plus High School,17,40.666251,-73.923881,4963237.702200003,-8229168.7904
17K705,K022,K705,Brooklyn Arts and Science Elementary School,17,40.6771,-73.960093,4964830.021600001,-8233199.891799999
17K722,K391,K722,New Heights Middle School,17,40.662092,-73.936313,4962627.3500000015,-8230552.714299999
17K745,K470,K745,Brooklyn Institute for Liberal Arts,17,40.658671,-73.943839,4962125.331200004,-8231390.504799999
17K751,K625,K751,Academy for Health Careers,17,40.675905,-73.939282,4964654.6175,-8230883.221899999
17K770,K398,K770,P.S. 770 New American Academy,17,40.663388,-73.927979,4962817.539899997,-8229624.977700001
18K066,K066,K066,P.S. 66,18,40.648749,-73.907064,4960669.4608,-8227296.7305
18K068,K068,K068,I.S. 068 Isaac Bildersee,18,40.635388,-73.911215,4958709.3226,-8227758.8177000005
18K114,K114,K114,P.S. 114 Ryder Elementary,18,40.642684,-73.90788,4959779.640600003,-8227387.5671999995
18K115,K115,K115,P.S. 115 Daniel Mucatel School,18,40.634861,-73.897896,4958632.016599998,-8226276.1534
18K135,K135,K135,P.S. 135 Sheldon A. Brookner,18,40.653093,-73.932949,4961306.836000003,-8230178.2355
18K208,K208,K208,P.S. 208 Elsa Ebeling,18,40.6427,-73.930898,4959781.987899996,-8229949.919199999
18K211,K211,K211,I.S. 211 John Wilson,18,40.642931,-73.895224,4959815.877300002,-8225978.707699999
18K219,K219,K219,P.S. 219 Kennedy-King,18,40.658834,-73.922296,4962149.250299998,-8228992.348999999
18K233,K233,K233,P.S. 233 Langston Hughes,18,40.651642,-73.914282,4961093.932800002,-8228100.2346
18K235,K235,K235,P.S. 235 Janice Marie Knight School,18,40.655337,-73.940922,4961636.104099996,-8231065.785800001
18K244,K244,K244,P.S. 244 Richard R. Green,18,40.647851,-73.925592,4960537.706600003,-8229359.257999999
18K268,K268,K268,P.S. 268 Emma Lazarus,18,40.657421,-73.92756,4961941.9048999995,-8229578.334799999
18K272,K272,K272,P.S. 272 Curtis Estabrook,18,40.635542,-73.886373,4958731.913099997,-8224993.4189
18K276,K276,K276,P.S. 276 Louis Marshall,18,40.634005,-73.908436,4958506.450599998,-8227449.4608
18K279,K279,K279,P.S. 279 Herman Schreiber,18,40.644134,-73.892797,4959992.368500002,-8225708.5353
18K285,K285,K285,I.S. 285 Meyer Levin,18,40.647818,-73.920784,4960532.864799999,-8228824.0339
18K366,K366,K366,The Science And Medicine Middle School,18,40.647396,-73.891743,4960470.9498,-8225591.204600001
18K563,K415,K563,It Takes a Village Academy,18,40.647728,-73.922212,4960519.6602,-8228982.998199999
18K566,K515,K566,Brooklyn Community High School for Excellence and,18,40.634451,-73.916927,4958571.873800002,-8228394.6746
18K567,K515,K567,Brooklyn Theatre Arts High School,18,40.634451,-73.916927,4958571.873800002,-8228394.6746
18K569,K415,K569,Kurt Hahn Expeditionary Learning School,18,40.647728,-73.922212,4960519.6602,-8228982.998199999
18K576,K515,K576,Victory Collegiate High School,18,40.634451,-73.916927,4958571.873800002,-8228394.6746
18K578,K515,K578,Brooklyn Bridge Academy,18,40.634451,-73.916927,4958571.873800002,-8228394.6746
18K581,K232,K581,"The Middle School of Media, Law and Fine Arts",18,40.659088,-73.928744,4962186.523000002,-8229710.1371
18K588,K252,K588,Middle School for Art and Philosophy,18,40.657712,-73.919818,4961984.606200002,-8228716.499299999
18K617,K500,K617,High School for Innovation in Advertising and Medi,18,40.640543,-73.898601,4959465.545299999,-8226354.6337
18K629,K415,K629,Cultural Academy for the Arts and Sciences,18,40.647728,-73.922212,4960519.6602,-8228982.998199999
18K633,K500,K633,High School for Medical Professions,18,40.640543,-73.898601,4959465.545299999,-8226354.6337
18K635,K242,K635,Olympus Academy,18,40.645965,-73.898607,4960260.9991,-8226355.3016
18K637,K515,K637,Academy for Conservation and the Environment,18,40.634451,-73.916927,4958571.873800002,-8228394.6746
18K642,K500,K642,Urban Action Academy,18,40.640543,-73.898601,4959465.545299999,-8226354.6337
18K673,K860,K673,East Brooklyn Community High School,18,40.659914,-73.920658,4962307.733800001,-8228810.0077
18K763,K244,K763,Brooklyn Science and Engineering Academy,18,40.647851,-73.925592,4960537.706600003,-8229359.257999999
18K961,K242,K961,Lenox Academy M. S. 961,18,40.645965,-73.898607,4960260.9991,-8226355.3016
19K007,K007,K007,P.S. 007 Abraham Lincoln,19,40.689213,-73.872983,4966608.165799998,-8223502.8509
19K013,K013,K013,P.S. 013 Roberto Clemente,19,40.664067,-73.893328,4962917.185500003,-8225767.646
19K065,K798,K065,P.S. 065,19,40.686534,-73.878353,4966214.8706,-8224100.636600001
19K089,K814,K089,P.S. 089 Cypress Hills,19,40.677707,-73.886712,4964919.1193,-8225031.156199999
19K108,K108,K108,P.S. 108 Sal Abbracciamento,19,40.681295,-73.884348,4965445.795699999,-8224767.9969999995
19K149,K149,K149,P.S. 149 Danny Kaye,19,40.669361,-73.89276,4963694.1338,-8225704.4165
19K158,K158,K158,P.S. 158 Warwick,19,40.67259,-73.885214,4964168.052599996,-8224864.399599999
19K159,K159,K159,P.S. 159 Isaac Pitkin,19,40.676111,-73.869705,4964684.8543,-8223137.945599999
19K171,K171,K171,I.S. 171 Abraham Lincoln,19,40.685852,-73.869434,4966114.7509,-8223107.778100001
19K190,K190,K190,P.S. 190 Sheffield,19,40.662243,-73.894877,4962649.509300001,-8225940.0799
19K202,K202,K202,P.S. 202 Ernest S. Jenkyns,19,40.665817,-73.876084,4963174.009000003,-8223848.0527
19K213,K213,K213,P.S. 213 New Lots,19,40.659845,-73.889968,4962297.608400002,-8225393.612500001
19K214,K214,K214,P.S. 214 Michael Friedsam,19,40.675881,-73.862961,4964651.094800003,-8222387.207
19K218,K218,K218,J.H.S. 218 James P. Sinnott,19,40.67002,-73.874537,4963790.853,-8223675.841399999
19K224,K224,K224,P.S. 224 Hale A. Woodruff,19,40.664143,-73.866542,4962928.3389,-8222785.8421
19K273,K273,K273,P.S. 273 Wortman,19,40.6585,-73.879276,4962100.238300003,-8224203.384500001
19K290,K290,K290,P.S. 290 Juan Morel Campos,19,40.678182,-73.889375,4964988.842100002,-8225327.6
19K292,K292,K292,J.H.S. 292 Margaret S. Douglas,19,40.671601,-73.893319,4964022.8950999975,-8225766.644099999
19K306,K306,K306,P.S. 306 Ethan Allen,19,40.65534,-73.88662,4961636.544299997,-8225020.914799999
19K325,K260,K325,The Fresh Creek School,19,40.653368,-73.893294,4961347.186899997,-8225763.861099999
19K328,K328,K328,P.S. 328 Phyllis Wheatley,19,40.667985,-73.898249,4963492.185900003,-8226315.449200001
19K345,K345,K345,P.S. 345 Patrolman Robert Bolden,19,40.676207,-73.879886,4964698.945299998,-8224271.2894
19K346,K346,K346,P.S. 346 Abe Stark,19,40.64664,-73.881997,4960360.031900004,-8224506.2848000005
19K404,K422,K404,Academy for Young Writers,19,40.657266,-73.874064,4961919.1602,-8223623.1873
19K409,K599,K409,East New York Family Academy,19,40.661102,-73.886668,4962482.068599999,-8225026.258199999
19K422,K422,K422,Spring Creek Community School,19,40.657266,-73.874064,4961919.1602,-8223623.1873
19K452,K346,K452,Frederick Douglass Academy VIII Middle School,19,40.64664,-73.881997,4960360.031900004,-8224506.2848000005
19K502,K435,K502,FDNY - Captain Vernon A. Richard High School for F,19,40.666868,-73.895122,4963328.252999999,-8225967.3531
19K507,K435,K507,Performing Arts and Technology High School,19,40.666868,-73.895122,4963328.252999999,-8225967.3531
19K510,K435,K510,World Academy for Total Community Health High Scho,19,40.666868,-73.895122,4963328.252999999,-8225967.3531
19K557,K174,K557,Brooklyn Gardens Elementary School,19,40.665446,-73.897604,4963119.561800003,-8226243.6481
19K583,K420,K583,Multicultural High School,19,40.693002,-73.869305,4967164.443599999,-8223093.4179
19K615,K615,K615,Transit Tech Career and Technical Education High S,19,40.67878,-73.875328,4965076.620200001,-8223763.895099999
19K618,K420,K618,Academy of Innovative Technology,19,40.693002,-73.869305,4967164.443599999,-8223093.4179
19K639,K420,K639,Brooklyn Lab School,19,40.693002,-73.869305,4967164.443599999,-8223093.4179
19K654,K166,K654,Van Siclen Community Middle School,19,40.659934,-73.885704,4962310.668700002,-8224918.9462
19K659,K420,K659,Cypress Hills Collegiate Preparatory School,19,40.693002,-73.869305,4967164.443599999,-8223093.4179
19K660,K660,K660,W. H. Maxwell Career and Technical Education High,19,40.673766,-73.895976,4964340.6592999995,-8226062.42
19K661,K302,K661,Vista Academy,19,40.677112,-73.884211,4964831.783,-8224752.746200001
19K662,K302,K662,Liberty Avenue Middle School,19,40.677112,-73.884211,4964831.783,-8224752.746200001
19K663,K174,K663,School of the Future Brooklyn,19,40.665446,-73.897604,4963119.561800003,-8226243.6481
19K677,K072,K677,East New York Elementary School of Excellence,19,40.669358,-73.879131,4963693.693499997,-8224187.2432
19K678,K072,K678,East New York Middle School of Excellence,19,40.669358,-73.879131,4963693.693499997,-8224187.2432
19K683,K218,K683,School for Classics High School,19,40.67002,-73.874537,4963790.853,-8223675.841399999
19K760,K171,K760,Highland Park Community School,19,40.685852,-73.869434,4966114.7509,-8223107.778100001
19K764,K420,K764,The Urban Assembly School for Collaborative Health,19,40.693002,-73.869305,4967164.443599999,-8223093.4179
19K907,K190,K907,Legacy School of the Arts,19,40.662243,-73.894877,4962649.509300001,-8225940.0799
19K935,K667,K935,M.S. 935,19,40.680655,-73.875152,4965351.849100001,-8223744.3029
19K938,K667,K938,P.S. 938,19,40.680655,-73.875152,4965351.849100001,-8223744.3029
19K953,K166,K953,The East New York Arts and Civics High School,19,40.659934,-73.885704,4962310.668700002,-8224918.9462
19K965,K292,K965,Bard High School Early College Broooklyn,19,40.671601,-73.893319,4964022.8950999975,-8225766.644099999
20K030,K331,K030,P.S./I.S. 30 Mary White Ovington,20,40.633598,-74.02395,4958446.7487,-8240308.420499999
20K048,K048,K048,P.S. 048 Mapleton,20,40.621481,-73.987165,4956669.499499999,-8236213.533
20K062,K062,K062,J.H.S. 062 Ditmas,20,40.638087,-73.971153,4959105.250299998,-8234431.0854
20K069,K069,K069,P.S. 69 Vincent D. Grippo School,20,40.632392,-74.009752,4958269.845399998,-8238727.906400001
20K102,K102,K102,P.S. 102 The Bayview,20,40.634318,-74.028758,4958552.364200003,-8240843.6446
20K104,K104,K104,P.S./I.S. 104 The Fort Hamilton School,20,40.618077,-74.028492,4956170.279100001,-8240814.033600001
20K105,K105,K105,P.S. 105 The Blythebourne,20,40.63332,-74.003635,4958405.969700001,-8238046.9651
20K112,K112,K112,P.S. 112 Lefferts Park,20,40.619417,-74.000565,4956366.796400003,-8237705.214199999
20K127,K127,K127,P.S. 127 McKinley Park,20,40.623687,-74.018429,4956993.038400002,-8239693.8256
20K160,K160,K160,P.S. 160 William T. Sampson,20,40.636932,-73.999045,4958935.816500001,-8237536.0086
20K163,K807,K163,P.S. 163 Bath Beach,20,40.606739,-74.007469,4954507.665600002,-8238473.764
20K164,K164,K164,P.S. 164 Caesar Rodney,20,40.637101,-73.985739,4958960.607900001,-8236054.7914
20K170,K170,K170,Ralph A. Fabrizio School,20,40.630373,-74.018719,4957973.693499997,-8239726.1083
20K176,K176,K176,P.S. 176 Ovington,20,40.624835,-74.005205,4957161.411899999,-8238221.7367
20K179,K179,K179,P.S. 179 Kensington,20,40.640127,-73.97726,4959404.517200001,-8235110.9135
20K180,K180,K180,The SEEALL Academy,20,40.626454,-73.98925,4957398.870399997,-8236445.634199999
20K185,K185,K185,P.S. 185 Walter Kassenbrock,20,40.623598,-74.033429,4956979.985200003,-8241363.618000001
20K186,K186,K186,P.S. 186 Dr. Irving A Gladstone,20,40.610917,-73.994258,4955120.298100002,-8237003.122199999
20K187,K486,K187,The Christa McAuliffe School\I.S. 187,20,40.627929,-74.003883,4957615.213500001,-8238074.5723
20K192,K192,K192,P.S. 192 - The Magnet School for Math and Science,20,40.6288,-73.97954,4957742.968099996,-8235364.721899999
20K200,K200,K200,P.S. 200 Benson School,20,40.602809,-74.001915,4953931.432999998,-8237855.4955
20K201,K201,K201,The Madeleine Brennan School,20,40.619043,-74.013749,4956311.9472,-8239172.850400001
20K204,K204,K204,P.S. 204 Vince Lombardi,20,40.613535,-74.006137,4955504.202600002,-8238325.486400001
20K205,K205,K205,P.S. 205 Clarion,20,40.614737,-73.986792,4955680.469499998,-8236172.0109
20K220,K220,K220,J.H.S. 220 John J. Pershing,20,40.640997,-74.00125,4959532.148500003,-8237781.4681
20K223,K223,K223,J.H.S. 223 The Montauk,20,40.6351,-73.982424,4958667.075599998,-8235685.7673
20K227,K227,K227,J.H.S. 227 Edward B. Shallow,20,40.622102,-73.995961,4956760.576200001,-8237192.6993
20K229,K229,K229,P.S. 229 Dyker,20,40.610331,-74.013585,4955034.368799999,-8239154.5940000005
20K247,K247,K247,P.S. 247 Brooklyn,20,40.612247,-73.987195,4955315.3279,-8236216.8726
20K259,K259,K259,J.H.S. 259 William McKinley,20,40.626089,-74.014633,4957345.3354,-8239271.2568
20K264,K264,K264,P.S. 264 Bay Ridge Elementary School For The Arts,20,40.621025,-74.029444,4956602.622400001,-8240920.0098
20K310,K310,K310,The School For Future Leaders,20,40.632143,-74.007533,4958233.321000002,-8238480.8884
20K331,K676,K331,The Detective WenJian Liu School of Civics and Ent,20,40.627038,-74.00089,4957484.527000003,-8237741.392999999
20K407,K322,K407,"School of Technology, Arts, and Research",20,40.618628,-74.022073,4956251.0854,-8240099.4738
20K413,K053,K413,Joanne Seminara School of Law and Medicine,20,40.637031,-74.025888,4958950.339299999,-8240524.1577
20K445,K445,K445,New Utrecht High School,20,40.613041,-74.002308,4955431.761100002,-8237899.244100001
20K485,K485,K485,High School of Telecommunication Arts and Technolo,20,40.636721,-74.023419,4958904.864,-8240249.309900001
20K490,K490,K490,Fort Hamilton High School,20,40.626827,-74.038103,4957453.579099998,-8241883.9253
20K503,K314,K503,P.S. 503: The School of Discovery,20,40.64195,-74.019299,4959671.957999997,-8239790.673599999
20K505,K505,K505,Franklin Delano Roosevelt High School,20,40.621299,-73.982583,4956642.807300001,-8235703.4671
20K506,K314,K506,P.S. 506: The School of Journalism & Technology,20,40.64195,-74.019299,4959671.957999997,-8239790.673599999
20K609,K223,K609,Urban Assembly School for Leadership and Empowerme,20,40.6351,-73.982424,4958667.075599998,-8235685.7673
20K682,K237,K682,The Academy of Talented Scholars,21,40.606994,-73.986678,4954545.0559,-8236159.3204
20K686,K237,K686,Brooklyn School of Inquiry,21,40.606994,-73.986678,4954545.0559,-8236159.3204
20K748,K163,K748,P.S. 748 Brooklyn School for Global Scholars,20,40.606739,-74.007469,4954507.665600002,-8238473.764
20K768,K453,K768,District 20 Pre-K Center,20,40.622039,-74.025734,4956751.3364999965,-8240507.0145
20K936,K746,K936,MS 936 Arts Off 3rd,20,40.642914,-74.020748,4959813.383299999,-8239951.975500001
20K939,K746,K939,Sunset School of Cultural Learning,20,40.642914,-74.020748,4959813.383299999,-8239951.975500001
20K971,K971,K971,"School of Math, Science, and Healthy Living",20,40.639518,-74.020343,4959315.176299997,-8239906.891100001
21K090,K090,K090,P.S. 90 Edna Cohen School,21,40.578192,-73.980387,4950322.759000003,-8235459.009500001
21K095,K095,K095,P.S. 095 The Gravesend,21,40.595996,-73.974664,4952932.563600004,-8234821.928099999
21K096,K096,K096,I.S. 096 Seth Low,21,40.608135,-73.984985,4954712.3609,-8235970.8565
21K097,K097,K097,P.S. 97 The Highlawn,21,40.601191,-73.98557,4953694.2051,-8236035.978499999
21K098,K043,K098,I.S. 98 Bay Academy,21,40.583893,-73.954047,4951158.3662,-8232526.8541
21K099,K099,K099,P.S. 099 Isaac Asimov,21,40.621474,-73.966031,4956668.472900003,-8233860.9069
21K100,K100,K100,P.S. 100 The Coney Island School,21,40.577591,-73.97083,4950234.6734,-8234395.1292
21K101,K101,K101,P.S. 101 The Verrazano,21,40.597379,-73.991962,4953135.320100002,-8236747.5326000005
21K121,K121,K121,P.S. 121 Nelson A. Rockefeller,21,40.622671,-73.978472,4956844.0273,-8235245.832699999
21K128,K128,K128,P.S. 128 Bensonhurst,21,40.60498,-73.995084,4954249.749700002,-8237095.0721
21K153,K153,K153,P.S. 153 Homecrest,21,40.601179,-73.960027,4953692.445699997,-8233192.5447
21K177,K177,K177,P.S. 177 The Marlboro,21,40.608169,-73.974425,4954717.3464,-8234795.322699999
21K188,K188,K188,P.S. 188 Michael E. Berdy,21,40.576733,-74.000489,4950108.921899997,-8237696.753900001
21K199,K199,K199,P.S. 199 Frederick Wachtel,21,40.61631,-73.963026,4955911.146200001,-8233526.391799999
21K209,K209,K209,P.S. 209 Margaret Mead,21,40.5868,-73.961191,4951584.478500001,-8233322.1206
21K212,K212,K212,P.S. 212 Lady Deborah Moody,21,40.587612,-73.985368,4951703.505900003,-8236013.491900001
21K215,K215,K215,P.S. 215 Morris H. Weiss,21,40.602722,-73.970171,4953918.677100003,-8234321.7696
21K216,K216,K216,P.S. 216 Arturo Toscanini,21,40.59,-73.969647,4952053.560599998,-8234263.438200001
21K225,K225,K225,P.S. K225 - The Eileen E. Zaglin,21,40.58026,-73.955856,4950625.861699998,-8232728.2311
21K226,K226,K226,P.S. 226 Alfred De B. Mason,21,40.615405,-73.977099,4955778.429399997,-8235092.991
21K228,K228,K228,I.S. 228 David A. Boody,21,40.60066,-73.976801,4953616.3522000015,-8235059.8178
21K238,K238,K238,P.S. 238 Anne Sullivan,21,40.608801,-73.964586,4954810.0178999975,-8233700.0503
21K239,K239,K239,Mark Twain I.S. 239 for the Gifted & Talented,21,40.57864,-73.992447,4950388.420699999,-8236801.522600001
21K253,K253,K253,P.S. 253,21,40.580237,-73.961962,4950622.490599997,-8233407.947899999
21K281,K281,K281,I.S. 281 Joseph B Cavallaro,21,40.594648,-73.993565,4952734.942299999,-8236925.9778
21K288,K288,K288,P.S. 288 The Shirley Tanyhill,21,40.574029,-73.992393,4949712.624600001,-8236795.511299999
21K303,K303,K303,I.S. 303 Herbert S. Eisenberg,21,40.582518,-73.972009,4950956.823100001,-8234526.3748
21K329,K329,K329,P.S. 329 Surfside,21,40.574666,-73.99577,4949805.981700003,-8237171.4373
21K337,K400,K337,International High School at Lafayette,21,40.593028,-73.986313,4952497.450199999,-8236118.6888
21K344,K303,K344,Rachel Carson High School for Coastal Studies,21,40.582518,-73.972009,4950956.823100001,-8234526.3748
21K348,K400,K348,High School of Sports Management,21,40.593028,-73.986313,4952497.450199999,-8236118.6888
21K410,K410,K410,Abraham Lincoln High School,21,40.582627,-73.968733,4950972.799800001,-8234161.6921999995
21K468,K400,K468,Kingsborough Early College School,21,40.593028,-73.986313,4952497.450199999,-8236118.6888
21K525,K525,K525,Edward R. Murrow High School,21,40.619671,-73.959141,4956404.047200002,-8233093.9156
21K540,K540,K540,John Dewey High School,21,40.58807,-73.981925,4951770.642700002,-8235630.218900001
21K559,K400,K559,Life Academy High School for Film and Music,21,40.593028,-73.986313,4952497.450199999,-8236118.6888
21K572,K400,K572,Leaders High School,21,40.593028,-73.986313,4952497.450199999,-8236118.6888
21K620,K620,K620,William E. Grady Career and Technical Education Hi,21,40.583263,-73.963764,4951066.0222999975,-8233608.545600001
21K690,K721,K690,Brooklyn Studio Secondary School,21,40.60498,-73.995084,4954249.749700002,-8237095.0721
21K728,K728,K728,Liberation Diploma Plus,21,40.576976,-73.985413,4950144.536600001,-8236018.5013
21K840,K597,K840,Brooklyn's Daily Discovery Pre-K Center,21,40.616487,-73.978094,4955937.1032000035,-8235203.753900001
22K014,K014,K014,J.H.S. 014 Shell Bank,22,40.593232,-73.938107,4952527.356299996,-8230752.421499999
22K052,K052,K052,P.S. 052 Sheepshead Bay,22,40.588372,-73.940135,4951814.912199996,-8230978.1774
22K078,K078,K078,J.H.S. 078 Roy H. Mann,22,40.620537,-73.912914,4956531.052699998,-8227947.9495
22K109,K395,K109,P.S. 109,22,40.635842,-73.933099,4958775.920599997,-8230194.9333999995
22K119,K119,K119,P.S. 119 Amersfort,22,40.626038,-73.938733,4957337.8552,-8230822.1075
22K134,K849,K134,P.S. K134,22,40.632145,-73.97318,4958233.614299998,-8234656.73
22K139,K139,K139,P.S. 139 Alexine A. Fenty,22,40.64134,-73.965862,4959582.4679000005,-8233842.093900001
22K152,K152,K152,School of Science & Technology,22,40.632619,-73.954269,4958303.1428999975,-8232551.5671
22K193,K193,K193,P.S. 193 Gil Hodges,22,40.62208,-73.950321,4956757.349600002,-8232112.0777
22K194,K194,K194,P.S. 194 Raoul Wallenberg,22,40.598069,-73.934163,4953236.479999997,-8230313.3774
22K195,K195,K195,P.S. 195 Manhattan Beach,22,40.580161,-73.943498,4950611.351300001,-8231352.5448
22K197,K197,K197,P.S. 197 - The Kings Highway Academy,22,40.612339,-73.951398,4955328.818899997,-8232231.968800001
22K198,K198,K198,P.S. 198 Brooklyn,22,40.637601,-73.937083,4959033.955700003,-8230638.430299999
22K203,K203,K203,P.S. 203 Floyd Bennett School,22,40.622108,-73.925732,4956761.456200004,-8229374.842800001
22K206,K206,K206,P.S. 206 Joseph F Lamb,22,40.596876,-73.948453,4953061.5766,-8231904.1329
22K207,K207,K207,P.S. 207 Elizabeth G. Leary,22,40.613981,-73.930485,4955569.605800003,-8229903.9443
22K217,K217,K217,P.S. 217 Colonel David Marcus School,22,40.633482,-73.966442,4958429.733000003,-8233906.6592
22K222,K222,K222,P.S. 222 Katherine R. Snyder,22,40.614005,-73.939205,4955573.125200003,-8230874.6503
22K234,K234,K234,J.H.S. 234 Arthur W. Cunningham,22,40.604447,-73.955217,4954171.599100001,-8232657.0978999995
22K236,K236,K236,P.S. 236 Mill Basin,22,40.615494,-73.912005,4955791.4811,-8227846.7601
22K240,K240,K240,Andries Hudde,22,40.623788,-73.946836,4957007.851599999,-8231724.1293
22K245,K735,K245,P.S. 245,22,40.644927,-73.962743,4960108.710600004,-8233494.8884
22K251,K251,K251,P.S. 251 Paerdegat,22,40.63195,-73.923894,4958205.011,-8229170.237500001
22K254,K254,K254,P.S. 254 Dag Hammarskjold,22,40.591103,-73.95155,4952215.252499998,-8232248.8894
22K255,K255,K255,P.S. 255 Barbara Reing School,22,40.604461,-73.955891,4954173.651799999,-8232732.1273
22K277,K277,K277,P.S. 277 Gerritsen Beach,22,40.595798,-73.92785,4952903.535899997,-8229610.6174
22K278,K278,K278,J.H.S. 278 Marine Park,22,40.606745,-73.938721,4954508.545299999,-8230820.771600001
22K312,K312,K312,P.S. 312 Bergen Beach,22,40.622442,-73.909554,4956810.441500001,-8227573.915999999
22K315,K152,K315,P.S. K315,22,40.632619,-73.954269,4958303.1428999975,-8232551.5671
22K326,K852,K326,P.S. 326,22,40.628417,-73.92825,4957686.791100003,-8229655.145199999
22K361,K269,K361,P.S. 361 East Flatbush Early Childhood School,22,40.637625,-73.947672,4959037.476400003,-8231817.192399999
22K381,K240,K381,I. S. 381,22,40.623788,-73.946836,4957007.851599999,-8231724.1293
22K405,K405,K405,Midwood High School,22,40.632829,-73.952356,4958333.946800001,-8232338.6129
22K425,K425,K425,James Madison High School,22,40.610499,-73.947661,4955059.003799997,-8231815.9679000005
22K535,K535,K535,Leon M. Goldstein High School for the Sciences,22,40.578356,-73.934449,4950346.7958,-8230345.2148
22K555,K917,K555,Brooklyn College Academy,15,40.649055,-73.972312,4960714.3574,-8234560.104599999
22K611,K495,K611,Origins High School,22,40.593157,-73.936635,4952516.361400001,-8230588.5592
22K630,K495,K630,Professional Pathways High School,22,40.593157,-73.936635,4952516.361400001,-8230588.5592
22K853,K765,K853,The Joan Snow Pre-K Center,22,40.630109,-73.966208,4957934.969999999,-8233880.6105
22K889,K338,K889,P.S. 889,15,40.644861,-73.97101,4960099.027599998,-8234415.1667
22K890,K338,K890,M.S. 890,15,40.644861,-73.97101,4960099.027599998,-8234415.1667
23K041,K041,K041,P.S. 041 Francis White,23,40.660455,-73.906925,4962387.123300001,-8227281.257099999
23K137,K137,K137,P.S. 137 Rachel Jean Mitchell,23,40.682248,-73.916641,4965585.689800002,-8228362.837300001
23K150,K150,K150,P.S. 150 Christopher,23,40.668768,-73.90514,4963607.101999998,-8227082.5518
23K155,K155,K155,P.S./ I.S. 155 Nicholas Herkimer,23,40.677634,-73.908682,4964908.404100001,-8227476.8454
23K156,K356,K156,P.S. 156 Waverly,23,40.665553,-73.91788,4963135.264899999,-8228500.7621
23K165,K165,K165,P.S. 165 Ida Posner,23,40.657061,-73.910938,4961889.078699999,-8227727.9822
23K178,K178,K178,P.S. 178 Saint Clair Mckelway,23,40.67538,-73.915337,4964577.5581,-8228217.6767
23K184,K184,K184,P.S. 184 Newport,23,40.660385,-73.905004,4962376.8510000035,-8227067.4124
23K284,K284,K284,"The Gregory Jocko Jackson School of Sports, Art, a",23,40.666942,-73.907634,4963339.113300003,-8227360.182600001
23K298,K298,K298,P.S. 298 Dr. Betty Shabazz,23,40.671015,-73.907718,4963936.887699999,-8227369.533500001
23K323,K263,K323,P.S./I.S. 323,23,40.666187,-73.911279,4963228.309699997,-8227765.9421999995
23K327,K327,K327,P.S. 327 Dr. Rose B. English,23,40.668232,-73.911788,4963528.436399996,-8227822.603800001
23K363,K298,K363,Brownsville Collaborative Middle School,23,40.671015,-73.907718,4963936.887699999,-8227369.533500001
23K392,K356,K392,I.S. 392,23,40.665553,-73.91788,4963135.264899999,-8228500.7621
23K401,K332,K401,Christopher Avenue Community School,23,40.672216,-73.906018,4964113.159599997,-8227180.2903
23K446,K183,K446,Riverdale Avenue Community School,23,40.659618,-73.913508,4962264.2973000035,-8228014.0733
23K493,K055,K493,Brooklyn Collegiate: A College Board School,23,40.674456,-73.912685,4964441.935000002,-8227922.4574
23K514,K175,K514,Frederick Douglass Academy VII High School,23,40.665568,-73.912102,4963137.466300003,-8227857.5581
23K518,K275,K518,Kappa V (Knowledge and Power Preparatory Academy),23,40.655644,-73.906662,4961681.151900001,-8227251.9801
23K522,K041,K522,Mott Hall IV,23,40.660455,-73.906925,4962387.123300001,-8227281.257099999
23K599,K073,K599,Brooklyn Landmark Elementary School,23,40.680679,-73.910719,4965355.372100003,-8227703.6032
23K643,K275,K643,Brooklyn Democracy Academy,23,40.655644,-73.906662,4961681.151900001,-8227251.9801
23K644,K271,K644,Eagle Academy for Young Men II,23,40.678124,-73.915106,4964980.328599997,-8228191.9618999995
23K647,K275,K647,Metropolitan Diploma Plus High School,23,40.655644,-73.906662,4961681.151900001,-8227251.9801
23K664,K073,K664,Brooklyn Environmental Exploration School (BEES),23,40.680679,-73.910719,4965355.372100003,-8227703.6032
23K668,K183,K668,Riverdale Avenue Middle School,23,40.659618,-73.913508,4962264.2973000035,-8228014.0733
23K671,K263,K671,Mott Hall Bridges Academy,23,40.666187,-73.911279,4963228.309699997,-8227765.9421999995
23K697,K175,K697,Teachers Preparatory High School,23,40.665568,-73.912102,4963137.466300003,-8227857.5581
24Q005,Q005,Q005,I.S. 5 - The Walter Crowley Intermediate School,24,40.737405,-73.888133,4973685.7788999975,-8225189.3412
24Q007,Q007,Q007,P.S. 007 Louis F. Simeone,24,40.739644,-73.882446,4974014.7294000015,-8224556.2673
24Q012,Q012,Q012,P.S. 012 James B. Colgate,24,40.742284,-73.893466,4974402.6083,-8225783.008099999
24Q013,Q013,Q013,P.S. 013 Clement C. Moore,24,40.737441,-73.867662,4973691.067900002,-8222910.5199
24Q014,Q014,Q014,P.S. 014 Fairview,24,40.74102,-73.85457,4974216.894699998,-8221453.1252
24Q016,Q721,Q016,P.S. Q016 The Nancy DeBenedittis School,24,40.748996,-73.860547,4975388.830600001,-8222118.481799999
24Q019,Q019,Q019,P.S. 019 Marino Jeantet,24,40.7486,-73.866557,4975330.641900003,-8222787.5119
24Q028,Q028,Q028,P.S. 28 - The Thomas Emanuel Early Childhood Cente,24,40.747017,-73.854268,4975098.0375000015,-8221419.5067
24Q049,Q049,Q049,P.S. 049 Dorothy Bonawit Kole,24,40.719567,-73.875493,4971065.442699999,-8223782.2629
24Q058,Q058,Q058,P.S. 58 - The School of Heroes,24,40.728517,-73.890638,4972380.076800004,-8225468.196599999
24Q061,Q061,Q061,I.S. 061 Leonardo Da Vinci,24,40.741898,-73.862886,4974345.8948,-8222378.857999999
24Q068,Q068,Q068,P.S. 068 Cambridge,24,40.696961,-73.897372,4967745.713500001,-8226217.822000001
24Q071,Q071,Q071,P.S. 071 Forest,24,40.711388,-73.904798,4969864.2126,-8227044.4805
24Q073,Q073,Q073,I.S. 73 - The Frank Sansivieri Intermediate School,24,40.728558,-73.893318,4972386.099600002,-8225766.5328
24Q077,Q849,Q077,Joseph F. Quinn Intermediate School 77,24,40.699101,-73.902147,4968059.9278,-8226749.3726
24Q081,Q081,Q081,P.S. 81Q Jean Paul Richter,24,40.703942,-73.911885,4968770.764799997,-8227833.401799999
24Q087,Q087,Q087,P.S./I.S. 087 Middle Village,24,40.711559,-73.871674,4969889.325499997,-8223357.1337
24Q088,Q088,Q088,P.S. 088 Seneca,24,40.704105,-73.896437,4968794.700099997,-8226113.738299999
24Q089,Q089,Q089,P.S. 89Q: The Jose Peralta School of Dreamers,24,40.745963,-73.879641,4974943.1669000015,-8224244.016100001
24Q091,Q091,Q091,P.S. 091 Richard Arkwright,24,40.703503,-73.883995,4968706.301299997,-8224728.701199999
24Q093,Q093,Q093,I.S. 093 Ridgewood,24,40.705609,-73.903057,4969015.553800002,-8226850.6733
24Q102,Q102,Q102,P.S. 102 Bayview,24,40.733033,-73.878243,4973043.4833,-8224088.3915
24Q110,Q315,Q110,P.S. 110,24,40.745995,-73.866372,4974947.868799999,-8222766.9178
24Q113,Q113,Q113,P.S./I.S. 113 Anthony J. Pranzo,24,40.705476,-73.861493,4968996.0233,-8222223.789999999
24Q119,Q119,Q119,P.S./I.S. 119 The Glendale,24,40.705187,-73.875073,4968953.585000001,-8223735.5087
24Q125,Q125,Q125,I.S. 125 Thom J. McCann Woodside,24,40.740452,-73.918762,4974133.442199998,-8228598.945900001
24Q128,Q247,Q128,"P.S. 128 The Lorraine Tuzzo, Juniper Valley Elemen",24,40.715005,-73.885974,4970395.414499998,-8224949.0024
24Q143,Q143,Q143,P.S. 143 Louis Armstrong,24,40.755393,-73.855715,4976328.861199997,-8221580.585999999
24Q153,Q153,Q153,P.S. 153 Maspeth Elem,24,40.716296,-73.904463,4970585.0211,-8227007.1885
24Q199,Q199,Q199,P.S. 199 Maurice A. Fitzgerald,24,40.739831,-73.926081,4974042.203599997,-8229413.693299999
24Q211,Q298,Q211,Elm Tree Elementary School,24,40.741139,-73.863408,4974234.378600001,-8222436.9668000005
24Q229,Q229,Q229,P.S. 229 Emanuel Kaplan,24,40.734682,-73.897108,4973285.734899998,-8226188.433700001
24Q236,Q455,Q236,International High School for Health Sciences,24,40.740824,-73.874129,4974188.097599998,-8223630.4231
24Q239,Q239,Q239,P.S. 239,24,40.699431,-73.903838,4968108.382299997,-8226937.6138
24Q264,Q735,Q264,Academy of Finance and Enterprise,24,40.744175,-73.937004,4974680.450800002,-8230629.6361
24Q267,Q735,Q267,High School of Applied Communication,24,40.744175,-73.937004,4974680.450800002,-8230629.6361
24Q290,Q290,Q290,A.C.E. Academy for Scholars at the Geraldine Ferra,24,40.71303,-73.908307,4970105.3574,-8227435.1006000005
24Q293,Q744,Q293,Civic Leadership Academy,24,40.743228,-73.871505,4974541.308200002,-8223338.320699999
24Q296,Q744,Q296,Pan American International High School,24,40.743228,-73.871505,4974541.308200002,-8223338.320699999
24Q299,Q735,Q299,Bard High School Early College Queens,24,40.744175,-73.937004,4974680.450800002,-8230629.6361
24Q305,Q245,Q305,Learners and Leaders,24,40.706837,-73.91499,4969195.882100001,-8228179.048800001
24Q307,Q260,Q307,Pioneer Academy,24,40.749175,-73.865787,4975415.133199997,-8222701.7959
24Q311,Q311,Q311,Corona Arts & Sciences Academy,24,40.74592,-73.865239,4974936.848700002,-8222640.7928
24Q330,Q287,Q330,Helen M. Marshall School,24,40.757888,-73.859202,4976695.522699997,-8221968.756999999
24Q331,Q392,Q331,Mosaic Pre-K Center,24,40.701694,-73.883878,4968440.669200003,-8224715.6768
24Q343,Q313,Q343,The Children's Lab School,24,40.74258,-73.922604,4974446.0988000035,-8229026.635399999
24Q419,Q419,Q419,MS 419,24,40.759436,-73.858714,4976923.021300003,-8221914.4331
24Q455,Q455,Q455,Newtown High School,24,40.740824,-73.874129,4974188.097599998,-8223630.4231
24Q485,Q485,Q485,Grover Cleveland High School,24,40.711881,-73.909202,4969936.614200003,-8227534.7316
24Q520,Q520,Q520,Middle College High School at LaGuardia Community,24,40.743253,-73.933316,4974544.981399998,-8230219.0898
24Q530,Q520,Q530,International High School at LaGuardia Community C,24,40.743253,-73.933316,4974544.981399998,-8230219.0898
24Q550,Q456,Q550,High School for Arts and Business,24,40.737673,-73.853412,4973725.152500004,-8221324.2172
24Q560,Q891,Q560,"Robert F. Wagner, Jr. Secondary School for Arts an",24,40.742217,-73.936442,4974392.764300004,-8230567.0745
24Q585,Q585,Q585,Maspeth High School,24,40.729104,-73.887909,4972466.305299997,-8225164.4057
24Q600,Q600,Q600,Queens Technical High School,24,40.741658,-73.927995,4974310.632600002,-8229626.7588
24Q610,Q610,Q610,Aviation Career & Technical Education High School,24,40.743309,-73.929577,4974553.209399998,-8229802.8662
24Q744,Q744,Q744,VOYAGES Preparatory,24,40.743228,-73.871505,4974541.308200002,-8223338.320699999
25Q020,Q020,Q020,P.S. 020 John Bowne,25,40.758347,-73.824388,4976762.978100002,-8218093.280300001
25Q021,Q021,Q021,P.S. 021 Edward Hart,25,40.774134,-73.818581,4979083.347000003,-8217446.847999999
25Q022,Q022,Q022,P.S. 022 Thomas Jefferson,25,40.761744,-73.811373,4977262.221699998,-8216644.4571
25Q024,Q024,Q024,P.S. 024 Andrew Jackson,25,40.751972,-73.8181,4975826.138599999,-8217393.303300001
25Q025,Q025,Q025,I.S. 025 Adrien Block,25,40.764884,-73.789365,4977723.717699997,-8214194.537799999
25Q029,Q029,Q029,P.S. 029 Queens,25,40.778029,-73.842967,4979655.917800002,-8220161.485099999
25Q032,Q032,Q032,P.S. 032 State Street,25,40.765459,-73.794323,4977808.229699999,-8214746.459799999
25Q079,Q079,Q079,P.S. 079 Francis Lewis,25,40.786201,-73.817338,4980857.323100001,-8217308.4779
25Q107,Q107,Q107,P.S. 107 Thomas A Dooley,25,40.755364,-73.799476,4976324.5995000005,-8215320.0890999995
25Q120,Q120,Q120,P.S. 120 Queens,25,40.745215,-73.828674,4974833.260200001,-8218570.3956
25Q129,Q129,Q129,P.S. 129 Patricia Larkin,25,40.789926,-73.839505,4981405.002400003,-8219776.096999999
25Q130,Q130,Q130,P.S. 130,26,40.760219,-73.784009,4977038.095299996,-8213598.3105999995
25Q154,Q154,Q154,P.S. 154 Queens,25,40.726473,-73.80775,4972079.825199999,-8216241.146600001
25Q163,Q163,Q163,P.S. 163 Flushing Heights,25,40.741107,-73.808765,4974229.677100003,-8216354.1359
25Q164,Q164,Q164,P.S. 164 Queens Valley,25,40.721514,-73.823569,4971351.415600002,-8218002.1096
25Q165,Q165,Q165,P.S. 165 Edith K. Bergtraum,25,40.729746,-73.816966,4972560.614100002,-8217267.067
25Q169,Q169,Q169,P.S. 169 Bay Terrace,25,40.782331,-73.77843,4980288.357199997,-8212977.259099999
25Q184,Q184,Q184,P.S. 184 Flushing Manor,25,40.778334,-73.799158,4979700.754699998,-8215284.6895
25Q185,Q185,Q185,J.H.S. 185 Edward Bleeker,25,40.774906,-73.818607,4979196.829499997,-8217449.7423
25Q189,Q189,Q189,J.H.S. 189 Daniel Carter Beard,25,40.759963,-73.818399,4977000.472000003,-8217426.5879
25Q193,Q193,Q193,P.S. 193 Alfred J. Kennedy,25,40.792053,-73.808987,4981717.744800001,-8216378.8488
25Q194,Q194,Q194,J.H.S. 194 William Carr,25,40.783231,-73.80699,4980420.671899997,-8216156.5438
25Q200,Q200,Q200,P.S./M.S. 200 - The Magnet School of Global Studie,25,40.73107,-73.805759,4972755.110399999,-8216019.509500001
25Q201,Q201,Q201,P.S. 201 The Discovery School for Inquiry and Rese,25,40.736541,-73.813011,4973558.844300002,-8216826.7984
25Q209,Q209,Q209,P.S. 209 Clearview Gardens,25,40.783777,-73.795845,4980500.943700001,-8214915.8881
25Q214,Q214,Q214,P.S. 214 Cadwallader Colden,25,40.770215,-73.827606,4978507.281999998,-8218451.5064
25Q219,Q219,Q219,P.S. 219 Paul Klapper,25,40.737448,-73.823841,4973692.096299998,-8218032.388499999
25Q237,Q237,Q237,I.S. 237,25,40.74943,-73.821402,4975452.603500001,-8217760.8803
25Q240,Q460,Q240,Veritas Academy,25,40.764892,-73.826811,4977724.8935,-8218363.0074000005
25Q241,Q460,Q241,Queens High School for Language Studies,25,40.764892,-73.826811,4977724.8935,-8218363.0074000005
25Q242,Q242,Q242,P.S. 242 Leonard P. Stavisky Early Childhood Schoo,25,40.769752,-73.832005,4978439.226599999,-8218941.2008
25Q244,Q244,Q244,The Active Learning Elementary School,25,40.754483,-73.826192,4976195.132399999,-8218294.1006000005
25Q250,Q168,Q250,I.S. 250 The Robert F. Kennedy Community Middle Sc,25,40.724195,-73.80938,4971745.211300001,-8216422.5974
25Q252,Q168,Q252,"Queens School of Inquiry, The",25,40.724195,-73.80938,4971745.211300001,-8216422.5974
25Q263,Q189,Q263,Flushing International High School,25,40.759963,-73.818399,4977000.472000003,-8217426.5879
25Q281,Q237,Q281,East-West School of International Studies,25,40.74943,-73.821402,4975452.603500001,-8217760.8803
25Q285,Q025,Q285,World Journalism Preparatory: A College Board Scho,25,40.764884,-73.789365,4977723.717699997,-8214194.537799999
25Q294,Q169,Q294,BELL Academy,25,40.782331,-73.77843,4980288.357199997,-8212977.259099999
25Q379,Q336,Q379,College Point Collaborative,25,40.785129,-73.843504,4980699.7148,-8220221.263699999
25Q409,Q409,Q409,District 25 Pre-K Center,25,40.785787,-73.826154,4980796.4553999975,-8218289.8705
25Q425,Q425,Q425,John Bowne High School,25,40.737448,-73.823841,4973692.096299998,-8218032.388499999
25Q460,Q460,Q460,Flushing High School,25,40.764892,-73.826811,4977724.8935,-8218363.0074000005
25Q499,Q499,Q499,"The Queens College School for Math, Science and Te",25,40.738599,-73.820821,4973861.198200002,-8217696.2037
25Q525,Q515,Q525,Townsend Harris High School,25,40.737038,-73.821532,4973631.8609,-8217775.3518
25Q540,Q023,Q540,Queens Academy High School,25,40.765624,-73.828279,4977832.4811,-8218526.4244
25Q670,Q707,Q670,Robert F. Kennedy Community High School,25,40.72528,-73.811408,4971904.5847999975,-8216648.3533
25Q792,Q792,Q792,North Queens Community High School,25,40.720586,-73.819664,4971215.111100003,-8217567.407
25Q901,Q460,Q901,Flushing Evening High Schl M/W,25,40.764892,-73.826811,4977724.8935,-8218363.0074000005
26Q018,Q018,Q018,P.S. 018 Winchester,26,40.731853,-73.73229,4972870.135399997,-8207840.9778
26Q026,Q026,Q026,P.S. 026 Rufus King,26,40.735935,-73.777607,4973469.814800002,-8212885.643200001
26Q031,Q031,Q031,P.S. 031 Bayside,26,40.757701,-73.768994,4976668.040899999,-8211926.8484000005
26Q041,Q041,Q041,P.S. 041 Crocheron,26,40.770155,-73.771225,4978498.462700002,-8212175.202199999
26Q046,Q046,Q046,P.S. 046 Alley Pond,26,40.745744,-73.758042,4974910.988200001,-8210707.677300001
26Q067,Q067,Q067,J.H.S. 067 Louis Pasteur,26,40.762241,-73.734832,4977335.265900001,-8208123.952
26Q074,Q074,Q074,J.H.S. 074 Nathaniel Hawthorne,26,40.744743,-73.766653,4974763.908,-8211666.249500001
26Q094,Q094,Q094,P.S. 094 David D. Porter,26,40.771258,-73.738703,4978660.592200004,-8208554.8697
26Q098,Q098,Q098,P.S. 098 The Douglaston School,26,40.768906,-73.749998,4978314.8759,-8209812.2234000005
26Q115,Q115,Q115,The James J. Ambrose School,26,40.744201,-73.709404,4974684.270999998,-8205293.32
26Q133,Q133,Q133,P.S. 133 The Bellerose School of Excellence,26,40.732458,-73.717819,4972959.012500003,-8206230.0735
26Q158,Q158,Q158,M.S. 158 Marie Curie,26,40.756562,-73.771878,4976500.653999999,-8212247.8938
26Q159,Q159,Q159,P.S. 159,26,40.770108,-73.783973,4978491.554300003,-8213594.303099999
26Q162,Q162,Q162,P.S. 162 John Golden,26,40.748405,-73.776576,4975301.988499999,-8212770.8728
26Q172,Q172,Q172,Irwin Altman Middle School 172,26,40.741409,-73.713245,4974274.048299998,-8205720.8981
26Q173,Q173,Q173,P.S. 173 Fresh Meadows,26,40.734097,-73.795651,4973199.7929000035,-8214894.292099999
26Q178,Q178,Q178,P.S./ IS 178 Holliswood,26,40.724061,-73.777314,4971725.528499998,-8212853.0265999995
26Q186,Q186,Q186,P.S. 186 Castlewood,26,40.749556,-73.721594,4975471.118199997,-8206650.304500001
26Q188,Q188,Q188,P.S. 188 Kingsbury,26,40.736063,-73.753985,4973488.6197,-8210256.054199999
26Q191,Q191,Q191,P.S. 191 Mayflower,26,40.734266,-73.708617,4973224.620499998,-8205205.7115
26Q203,Q203,Q203,P.S. 203 Oakland Gardens,26,40.753606,-73.759822,4976066.254799999,-8210905.825999999
26Q205,Q205,Q205,P.S. 205 Alexander Graham Bell,26,40.738008,-73.756374,4973774.3697,-8210521.9964000005
26Q213,Q213,Q213,P.S. 213 The Carl Ullman School,26,40.747457,-73.74539,4975162.690099999,-8209299.2632
26Q216,Q216,Q216,J.H.S. 216 George J. Ryan,26,40.737188,-73.794501,4973653.898199998,-8214766.274700001
26Q221,Q221,Q221,P.S. 221 The North Hills School,26,40.758808,-73.731518,4976830.727899998,-8207755.0392
26Q266,Q266,Q266,P.S./I.S. 266,26,40.746128,-73.728415,4974967.411200002,-8207409.614800001
26Q315,Q435,Q315,Business Technology Early College High School,26,40.733888,-73.739726,4973169.089000002,-8208668.749600001
26Q376,Q332,Q376,P.S. 376,26,40.754954,-73.770314,4976264.347900003,-8212073.790100001
26Q390,Q361,Q390,The CIVIC School of Bayside Hills,26,40.749673,-73.764954,4975488.310599998,-8211477.117699999
26Q415,Q415,Q415,Benjamin N. Cardozo High School,26,40.752343,-73.757271,4975880.656499997,-8210621.85
26Q430,Q430,Q430,Francis Lewis High School,26,40.740875,-73.795049,4974195.5907000005,-8214827.2776999995
26Q435,Q435,Q435,Martin Van Buren High School,26,40.733888,-73.739726,4973169.089000002,-8208668.749600001
26Q495,Q405,Q495,Bayside High School,26,40.771398,-73.781041,4978681.170999996,-8213267.9143
26Q566,Q566,Q566,"Queens High School of Teaching, Liberal Arts and t",26,40.744197,-73.728834,4974683.683300003,-8207456.2577
27Q042,Q042,Q042,P.S./M.S 042 R. Vernam,27,40.594358,-73.794804,4952692.4278,-8214800.0045
27Q043,Q043,Q043,P.S. 043,27,40.59348,-73.761086,4952563.712800004,-8211046.5339
27Q045,Q045,Q045,P.S. 045 Clarence Witherspoon,27,40.671871,-73.788866,4964062.5233,-8214138.9893
27Q047,Q343,Q047,P.S. 047 Chris Galas,27,40.606352,-73.820445,4954450.920599997,-8217654.3475
27Q051,Q051,Q051,P.S. 051,27,40.698286,-73.831532,4967940.260899998,-8218888.546700001
27Q053,Q053,Q053,M.S. 053 Brian Piccolo,27,40.604019,-73.749891,4954108.844499998,-8209800.3122000005
27Q056,Q056,Q056,P.S. 056 Harry Eichler,27,40.698989,-73.835735,4968043.482699998,-8219356.422499999
27Q060,Q060,Q060,P.S. 060 Woodhaven,27,40.691467,-73.852792,4966939.080499999,-8221255.199100001
27Q062,Q062,Q062,P. S. 62 - Chester Park School,27,40.688359,-73.835567,4966482.791199997,-8219337.720899999
27Q063,Q063,Q063,P.S. 063 Old South,27,40.676978,-73.846796,4964812.114100002,-8220587.727399999
27Q064,Q064,Q064,P.S. 064 Joseph P. Addabbo,27,40.681901,-73.856956,4965534.7522,-8221718.7335
27Q065,Q884,Q065,P.S. 65 - The Raymond York Elementary School,27,40.682293,-73.841675,4965592.295500003,-8220017.6603
27Q066,Q066,Q066,P.S. 066 Jacqueline Kennedy Onassis,27,40.697941,-73.846135,4967889.604800001,-8220514.145300001
27Q090,Q090,Q090,P.S. 090 Horace Mann,27,40.696653,-73.839517,4967700.490900002,-8219777.4329
27Q096,Q096,Q096,P.S. 096,27,40.675369,-73.808128,4964575.943499997,-8216283.225400001
27Q097,Q097,Q097,P.S. 097 Forest Park,27,40.694232,-73.860031,4967345.031400003,-8222061.040899999
27Q100,Q100,Q100,P.S. 100 Glen Morris,27,40.679694,-73.821545,4965210.784199998,-8217776.799000001
27Q104,Q104,Q104,P.S. 104 The Bays Water,27,40.608002,-73.764621,4954692.858999997,-8211440.0483
27Q105,Q105,Q105,P.S. 105 The Bay School,27,40.595911,-73.780961,4952920.1022000015,-8213259.0088
27Q106,Q106,Q106,Lighthouse Elementary School,27,40.594738,-73.766846,4952748.136500001,-8211687.734099999
27Q108,Q108,Q108,P.S. 108 Captain Vincent G. Fowler,27,40.679083,-73.831025,4965121.096699998,-8218832.1077
27Q114,Q114,Q114,P.S./M.S. 114 Belle Harbor,27,40.577552,-73.854364,4950228.957400002,-8221430.193299999
27Q123,Q123,Q123,P.S. 123,27,40.678913,-73.795571,4965096.142800003,-8214885.386499999
27Q124,Q124,Q124,P.S. 124 Osmond A Church,27,40.665669,-73.811266,4963152.288800001,-8216632.5459
27Q137,Q137,Q137,M.S. 137 America's School of Heroes,27,40.678112,-73.839377,4964978.567199998,-8219761.848099999
27Q146,Q146,Q146,P.S. 146 Howard Beach,27,40.660531,-73.834896,4962398.276000001,-8219263.0254999995
27Q155,Q155,Q155,P.S. 155,27,40.679105,-73.810067,4965124.325999998,-8216499.073899999
27Q183,Q183,Q183,P.S. 183 Dr. Richard R. Green,27,40.58922,-73.805866,4951939.219700001,-8216031.420700001
27Q197,Q197,Q197,P.S. 197 The Ocean School,27,40.599664,-73.744128,4953470.324699998,-8209158.778000001
27Q202,Q202,Q202,J.H.S. 202 Robert H. Goddard,27,40.670905,-73.845992,4963920.743100002,-8220498.226600001
27Q207,Q207,Q207,P.S. 207 Rockwood Park,27,40.657736,-73.843881,4961988.127999999,-8220263.2311
27Q210,Q210,Q210,J.H.S. 210 Elizabeth Blackwell,27,40.68476,-73.847633,4965954.4441,-8220680.901799999
27Q223,Q223,Q223,P.S. 223 Lyndon B. Johnson,27,40.673898,-73.78953,4964360.033699997,-8214212.9055
27Q226,Q226,Q226,J.H.S. 226 Virgil I. Grissom,27,40.675021,-73.81673,4964524.864500001,-8217240.795600001
27Q232,Q232,Q232,P.S. 232 Lindenwood,27,40.665408,-73.850622,4963113.985100001,-8221013.6358
27Q253,Q253,Q253,The Randolph Holder School for Social Justice,27,40.607247,-73.748799,4954582.153099999,-8209678.7513
27Q254,Q254,Q254,P.S. 254 - The Rosa Parks School,27,40.6972,-73.847886,4967780.805100001,-8220709.0657
27Q260,Q465,Q260,Frederick Douglass Academy VI High School,27,40.601537,-73.763995,4953744.934500001,-8211370.362299999
27Q261,Q400,Q261,Voyages Prep - South Queens,27,40.673949,-73.782684,4964367.519299999,-8213450.8122000005
27Q262,Q410,Q262,Channel View School for Research,27,40.586012,-73.825317,4951468.970399998,-8218196.6961
27Q273,Q273,Q273,P.S. 273,27,40.693613,-73.844335,4967254.149800003,-8220313.770199999
27Q282,Q465,Q282,Knowledge and Power Preparatory Academy VI,27,40.601537,-73.763995,4953744.934500001,-8211370.362299999
27Q297,Q226,Q297,Hawtree Creek Middle School,27,40.675021,-73.81673,4964524.864500001,-8217240.795600001
27Q302,Q465,Q302,"Queens High School for Information, Research, and",27,40.601537,-73.763995,4953744.934500001,-8211370.362299999
27Q306,Q262,Q306,New York City Academy for Discovery,27,40.691482,-73.848577,4966941.282700002,-8220785.987400001
27Q308,Q202,Q308,Robert H. Goddard High School of Communication Art,27,40.670905,-73.845992,4963920.743100002,-8220498.226600001
27Q309,Q465,Q309,Academy of Medical Technology: A College Board Sch,27,40.601537,-73.763995,4953744.934500001,-8211370.362299999
27Q314,Q226,Q314,Epic High School - South,27,40.675021,-73.81673,4964524.864500001,-8217240.795600001
27Q316,Q316,Q316,Queens Explorers Elementary School,27,40.683112,-73.850123,4965712.520900004,-8220958.087400001
27Q317,Q593,Q317,Waterside Children's Studio School,27,40.579977,-73.83277,4950584.382399999,-8219026.360300001
27Q318,Q225,Q318,Waterside School For Leadership,27,40.580907,-73.83109,4950720.6932,-8218839.3434999995
27Q319,Q053,Q319,Village Academy,27,40.604019,-73.749891,4954108.844499998,-8209800.3122000005
27Q323,Q180,Q323,Scholars' Academy,27,40.584543,-73.825162,4951253.642499998,-8218179.4416000005
27Q324,Q410,Q324,Rockaway Park High School for Environmental Sustai,27,40.586012,-73.825317,4951468.970399998,-8218196.6961
27Q333,Q198,Q333,Goldie Maple Academy,27,40.594008,-73.786649,4952641.1175,-8213892.194
27Q334,Q636,Q334,Epic High School - North,27,40.693013,-73.829409,4967166.058600001,-8218652.215399999
27Q336,Q473,Q336,District 27 Pre-K Center,27,40.671903,-73.857176,4964067.219999999,-8221743.2237
27Q351,Q410,Q351,Rockaway Collegiate High School,27,40.586012,-73.825317,4951468.970399998,-8218196.6961
27Q362,Q215,Q362,Wave Preparatory Elementary School,27,40.599467,-73.758587,4953441.442100003,-8210768.3465
27Q377,Q335,Q377,S.T.A.R. Leadership Academy,27,40.668083,-73.83685,4963506.568700001,-8219480.5438
27Q400,Q400,Q400,August Martin High School,27,40.673949,-73.782684,4964367.519299999,-8213450.8122000005
27Q475,Q475,Q475,Richmond Hill High School,27,40.695171,-73.833815,4967482.897100002,-8219142.689099999
27Q480,Q480,Q480,John Adams High School,27,40.680065,-73.838616,4965265.242899999,-8219677.134
27Q650,Q650,Q650,"High School for Construction Trades, Engineering a",27,40.689177,-73.841475,4966602.8807,-8219995.396400001
28Q008,Q008,Q008,J.H.S. 008 Richard S. Grossley,28,40.69691,-73.786403,4967738.225299999,-8213864.8094
28Q040,Q040,Q040,P.S. 040 Samuel Huntington,28,40.693559,-73.790975,4967246.221600004,-8214373.7621
28Q048,Q276,Q048,David N. Dinkins School,28,40.693736,-73.796358,4967272.2086,-8214972.994999999
28Q050,Q050,Q050,P.S. 050 Talfourd Lawn Elementary School,28,40.694868,-73.806842,4967438.409900002,-8216140.068499999
28Q054,Q054,Q054,P.S. 054 Hillside,28,40.702656,-73.824629,4968581.927599996,-8218120.1083
28Q055,Q055,Q055,P.S. 055 Maure,28,40.69361,-73.816156,4967253.709399998,-8217176.8982
28Q072,Q072,Q072,Catherine & Count Basie Middle School 72,28,40.675014,-73.775643,4964523.8369999975,-8212667.011700001
28Q080,Q080,Q080,PS 80  The Thurgood Marshall Magnet School of Mult,28,40.673483,-73.769119,4964299.1219,-8211940.7633
28Q082,Q082,Q082,P.S. 082 Hammond,28,40.703897,-73.8122,4968764.156900004,-8216736.518300001
28Q086,Q086,Q086,P.S. Q086,28,40.709461,-73.803001,4969581.220299996,-8215712.4903
28Q099,Q099,Q099,P.S. 099 Kew Gardens,28,40.711502,-73.827722,4969880.954499997,-8218464.419500001
28Q101,Q101,Q101,P.S. 101 School in the Gardens,28,40.715543,-73.8434,4970474.429099999,-8220209.6864
28Q117,Q117,Q117,P.S. 117 J. Keld / Briarwood School,28,40.710428,-73.812968,4969723.2294000015,-8216822.011700001
28Q121,Q121,Q121,P.S. 121 Queens,28,40.683585,-73.81533,4965781.955799997,-8217084.9483
28Q139,Q139,Q139,P.S. 139 Rego Park,28,40.728012,-73.862561,4972305.894400001,-8222342.679199999
28Q140,Q140,Q140,P.S. 140 Edward K Ellington,28,40.687486,-73.781255,4966354.628799997,-8213291.7367
28Q144,Q144,Q144,P.S. 144 Col Jeromus Remsen,28,40.71489,-73.852398,4970378.524899997,-8221211.339199999
28Q157,Q157,Q157,J.H.S. 157 Stephen A. Halsey,28,40.732348,-73.852879,4972942.853,-8221264.8839
28Q160,Q160,Q160,P.S. 160 Walter Francis Bishop,28,40.688373,-73.799685,4966484.846500002,-8215343.354900001
28Q161,Q161,Q161,P.S. 161 Arthur Ashe School,28,40.690439,-73.82108,4966788.156199999,-8217725.0353999995
28Q167,Q686,Q167,Metropolitan Expeditionary Learning School,28,40.708431,-73.855543,4969429.9614999965,-8221561.438999999
28Q174,Q174,Q174,P.S. 174 William Sidney Mount,28,40.720583,-73.861462,4971214.670500003,-8222220.3390999995
28Q175,Q175,Q175,P.S. 175 The Lynn Gross Discovery School,28,40.731016,-73.85221,4972747.177699998,-8221190.4112
28Q182,Q277,Q182,P.S. 182 Samantha Smith,28,40.70675,-73.803183,4969183.106299996,-8215732.750499999
28Q190,Q190,Q190,J.H.S. 190 Russell Sage,28,40.723478,-73.8517,4971639.894000001,-8221133.6382
28Q196,Q196,Q196,P.S. 196 Grand Central Parkway,28,40.722792,-73.837379,4971539.131300002,-8219539.4318
28Q206,Q206,Q206,P.S. 206 The Horace Harding School,28,40.73404,-73.861004,4973191.419100001,-8222169.354800001
28Q217,Q217,Q217,J.H.S. 217 Robert A. Van Wyck,28,40.710384,-73.811461,4969716.767700002,-8216654.2532
28Q220,Q220,Q220,P.S. 220 Edward Mandel,28,40.736314,-73.852621,4973525.494900003,-8221236.1635
28Q284,Q008,Q284,York Early College Academy,28,40.69691,-73.786403,4967738.225299999,-8213864.8094
28Q287,Q008,Q287,The Emerson School,28,40.69691,-73.786403,4967738.225299999,-8213864.8094
28Q303,Q003,Q303,The Academy for Excellence through the Arts,28,40.725787,-73.844032,4971979.057899997,-8220280.0404
28Q310,Q470,Q310,Queens Collegiate: A College Board School,28,40.714551,-73.798658,4970328.737300001,-8215229.0298
28Q312,Q040,Q312,Jamaica Children's School,28,40.693559,-73.790975,4967246.221600004,-8214373.7621
28Q325,Q470,Q325,Hillside Arts & Letters Academy,28,40.714551,-73.798658,4970328.737300001,-8215229.0298
28Q328,Q470,Q328,High School for Community Leadership,28,40.714551,-73.798658,4970328.737300001,-8215229.0298
28Q332,Q072,Q332,Redwood Middle School,28,40.675014,-73.775643,4964523.8369999975,-8212667.011700001
28Q335,Q383,Q335,The Ezra Jack Keats Pre-K Center,28,40.702178,-73.820221,4968511.738700002,-8217629.4120000005
28Q338,Q595,Q338,Queens Satellite High School for Opportunity,28,40.708204,-73.799532,4969396.626100004,-8215326.323000001
28Q349,Q314,Q349,The Queens School for Leadership and Excellence,28,40.708698,-73.797981,4969469.171099998,-8215153.6665
28Q350,Q470,Q350,Jamaica Gateway to the Sciences,28,40.714551,-73.798658,4970328.737300001,-8215229.0298
28Q354,Q030,Q354,The Jermaine L. Green STEM Institute of Queens,28,40.679843,-73.774668,4965232.655699998,-8212558.475199999
28Q358,Q314,Q358,M.S. 358,28,40.708698,-73.797981,4969469.171099998,-8215153.6665
28Q440,Q440,Q440,Forest Hills High School,28,40.730017,-73.843972,4972600.423799999,-8220273.361199999
28Q505,Q505,Q505,Hillcrest High School,28,40.709461,-73.803001,4969581.220299996,-8215712.4903
28Q620,Q620,Q620,Thomas A. Edison Career and Technical Education Hi,28,40.716071,-73.799692,4970551.9755000025,-8215344.134099999
28Q680,Q695,Q680,Queens Gateway to Health Sciences Secondary School,28,40.718027,-73.805923,4970839.2553,-8216037.765900001
28Q686,Q686,Q686,Queens Metropolitan High School,28,40.708431,-73.855543,4969429.9614999965,-8221561.438999999
28Q687,Q774,Q687,Queens High School for the Sciences at York Colleg,28,40.700884,-73.798364,4968321.731799997,-8215196.301899999
28Q690,Q690,Q690,High School for Law Enforcement and Public Safety,28,40.685838,-73.783438,4966112.695699997,-8213534.747099999
28Q896,Q680,Q896,"Young Women's Leadership School, Queens",28,40.708409,-73.804166,4969426.730700001,-8215842.1775
29Q015,Q015,Q015,P.S. 015 Jackie Robinson,29,40.68605,-73.756546,4966143.8178,-8210541.1434
29Q033,Q033,Q033,P.S. 033 Edward M. Funk,29,40.727172,-73.734102,4972182.503200002,-8208042.6887
29Q034,Q034,Q034,P.S. 034 John Harvard,29,40.710986,-73.737702,4969805.175700001,-8208443.4388999995
29Q035,Q035,Q035,P.S. 035 Nathaniel Woodhull,29,40.713438,-73.768894,4970165.2773,-8211915.716499999
29Q036,Q036,Q036,P.S. 036 Saint Albans School,29,40.691306,-73.764081,4966915.443300001,-8211379.935799999
29Q037,Q037,Q037,Cynthia Jenkins School,29,40.676201,-73.758778,4964698.064599998,-8210789.6085
29Q038,Q038,Q038,P.S. 038 Rosedale,29,40.67115,-73.733774,4963956.7016,-8208006.175899999
29Q052,Q052,Q052,P.S. 052 Queens,29,40.661427,-73.767161,4962529.761799999,-8211722.799799999
29Q059,Q059,Q059,I.S. 059 Springfield Gardens,29,40.681881,-73.752772,4965531.816399999,-8210121.023600001
29Q095,Q095,Q095,P.S. 095 Eastwood,29,40.711295,-73.783283,4969850.554799996,-8213517.4925999995
29Q109,Q109,Q109,Jean Nuzzi Intermediate School,29,40.720074,-73.746375,4971139.909400001,-8209408.912799999
29Q116,Q116,Q116,P.S./I.S. 116 William C. Hughley,29,40.70084,-73.781839,4968315.2711,-8213356.747300001
29Q118,Q118,Q118,P.S. 118 Lorraine Hansberry,29,40.703182,-73.765237,4968659.165399998,-8211508.621099999
29Q131,Q131,Q131,P.S. 131 Abigail Adams,29,40.71715,-73.794061,4970710.448399998,-8214717.2941
29Q132,Q132,Q132,P.S. 132 Ralph Bunche,29,40.681948,-73.7493,4965541.651500002,-8209734.522399999
29Q134,Q134,Q134,P.S. 134 Hollis,29,40.707535,-73.754747,4969298.3829,-8210340.8796
29Q135,Q135,Q135,The Bellaire School,29,40.720864,-73.757591,4971255.943499997,-8210657.4723000005
29Q136,Q136,Q136,P.S. 136 Roy Wilkins,29,40.69894,-73.752694,4968036.2880000025,-8210112.3407000005
29Q138,Q138,Q138,P.S./M.S. 138 Sunrise,29,40.659876,-73.734342,4962302.157499999,-8208069.4054000005
29Q147,Q147,Q147,P.S./M.S. 147 Ronald McNair,29,40.698028,-73.74014,4967902.378899999,-8208714.8358
29Q156,Q156,Q156,P.S. 156 Laurelton,29,40.672259,-73.743327,4964119.470799997,-8209069.611
29Q176,Q176,Q176,P.S. 176 Cambria Heights,29,40.684987,-73.729226,4965987.767700002,-8207499.8949
29Q181,Q181,Q181,P.S. 181 Brookfield,29,40.655674,-73.752948,4961685.553900003,-8210140.615900001
29Q192,Q192,Q192,I.S. 192 The Linden,29,40.705989,-73.752885,4969071.355300002,-8210133.602700001
29Q195,Q195,Q195,P.S. 195 William Haberle,29,40.652641,-73.735618,4961240.514200002,-8208211.449100001
29Q208,Q208,Q208,P.S./I.S. 208,26,40.744276,-73.727632,4974695.290899999,-8207322.4516
29Q238,Q238,Q238,I.S. 238 - Susan B. Anthony Academy,29,40.712743,-73.779653,4970063.207999997,-8213113.402899999
29Q243,Q490,Q243,Institute for Health Professions at Cambria Height,29,40.698786,-73.74633,4968013.675999999,-8209403.9035
29Q248,Q420,Q248,Queens Preparatory Academy,29,40.66903,-73.757744,4963645.554399997,-8210674.5041000005
29Q251,Q251,Q251,P.S. 251 Queens,29,40.664809,-73.759396,4963026.0779,-8210858.403899999
29Q259,Q192,Q259,Pathways College Preparatory School: A College Boa,29,40.705989,-73.752885,4969071.355300002,-8210133.602700001
29Q265,Q420,Q265,Excelsior Preparatory High School,29,40.66903,-73.757744,4963645.554399997,-8210674.5041000005
29Q268,Q268,Q268,P.S./I.S. 268,29,40.707648,-73.78521,4969314.976999998,-8213732.0053
29Q270,Q270,Q270,The Gordon Parks School,29,40.67507,-73.736232,4964532.056599997,-8208279.7993
29Q272,Q420,Q272,George Washington Carver High School for the Scien,29,40.66903,-73.757744,4963645.554399997,-8210674.5041000005
29Q283,Q420,Q283,Preparatory Academy for Writers: A College Board S,29,40.66903,-73.757744,4963645.554399997,-8210674.5041000005
29Q289,Q156,Q289,Queens United Middle School,29,40.672259,-73.743327,4964119.470799997,-8209069.611
29Q295,Q263,Q295,P.S./I.S. 295,29,40.720617,-73.731398,4971219.664399996,-8207741.6808
29Q313,Q490,Q313,Benjamin Franklin High School for Finance & Inform,29,40.698786,-73.74633,4968013.675999999,-8209403.9035
29Q326,Q799,Q326,Cambria Heights Academy,29,40.711857,-73.771196,4969933.089599997,-8212171.9739
29Q327,Q633,Q327,Eagle Academy for Young Men III,29,40.69172,-73.778924,4966976.224699996,-8213032.251
29Q355,Q231,Q355,Collaborative Arts Middle School,29,40.664809,-73.759396,4963026.0779,-8210858.403899999
29Q356,Q231,Q356,Community Voices Middle School,29,40.664809,-73.759396,4963026.0779,-8210858.403899999
29Q360,Q892,Q360,P.S. 360,29,40.702329,-73.756259,4968533.9113000035,-8210509.194700001
29Q381,Q381,Q381,District 29 Pre-K Center,29,40.706724,-73.791304,4969179.288199998,-8214410.386299999
29Q492,Q490,Q492,"Mathematics, Science Research and Technology Magne",29,40.698786,-73.74633,4968013.675999999,-8209403.9035
29Q498,Q490,Q498,"Health, Arts, Robotics, and Technology High School",29,40.698786,-73.74633,4968013.675999999,-8209403.9035
30Q002,Q002,Q002,P.S. 002 Alfred Zimberg,30,40.769798,-73.894108,4978445.987999998,-8225854.475199999
30Q010,Q010,Q010,I.S. 010 Horace Greeley,30,40.760122,-73.911962,4977023.839599997,-8227841.9734000005
30Q011,Q011,Q011,P.S. 011 Kathryn Phelan,30,40.746127,-73.909032,4974967.264200002,-8227515.8072999995
30Q017,Q017,Q017,P.S. 017 Henry David Thoreau,30,40.768034,-73.922544,4978186.705300003,-8229019.9562
30Q069,Q069,Q069,P.S. 069 Jackson Heights,30,40.748804,-73.888457,4975360.617799997,-8225225.4087000005
30Q070,Q070,Q070,P.S. 070,30,40.761762,-73.913964,4977264.8671,-8228064.835000001
30Q076,Q076,Q076,P.S. 076 William Hallet,30,40.760862,-73.94163,4977132.595200002,-8231144.6
30Q078,Q868,Q078,P.S./I.S. 78Q,30,40.744368,-73.957177,4974708.808499999,-8232875.2841
30Q084,Q084,Q084,P.S. 084 Steinway,30,40.771154,-73.906117,4978645.305200003,-8227191.310900001
30Q085,Q085,Q085,P.S. 085 Judge Charles Vallone,30,40.773126,-73.915039,4978935.174900003,-8228184.5034
30Q092,Q292,Q092,P.S. 092 Harry T. Stewart Sr.,30,40.755983,-73.868773,4976415.565499999,-8223034.195900001
30Q111,Q111,Q111,P.S. 111 Jacob Blackwell,30,40.758342,-73.939181,4976762.243299998,-8230871.978599999
30Q112,Q112,Q112,P.S. 112 Dutch Kills,30,40.757293,-73.933562,4976608.081100002,-8230246.474400001
30Q122,Q122,Q122,P.S. 122 Mamie Fay,30,40.780507,-73.915785,4980020.204999998,-8228267.547800001
30Q126,Q126,Q126,Albert Shanker School for Visual and Performing Ar,30,40.766008,-73.92999,4977888.920900002,-8229848.8412
30Q127,Q127,Q127,P.S. 127 Aerospace Science Magnet School,30,40.765507,-73.870931,4977815.284599997,-8223274.4233
30Q141,Q141,Q141,I.S. 141 The Steinway,30,40.775766,-73.904508,4979323.249300003,-8227012.197899999
30Q145,Q145,Q145,I.S. 145 Joseph Pulitzer,30,40.754389,-73.887523,4976181.318800002,-8225121.4363
30Q148,Q148,Q148,P.S. 148 Queens,30,40.757629,-73.878638,4976657.4597999975,-8224132.3627
30Q149,Q149,Q149,P.S. 149 Christa McAuliffe,30,40.755759,-73.874505,4976382.647200003,-8223672.279200001
30Q150,Q150,Q150,P.S. 150 Queens,30,40.745887,-73.923375,4974931.999799997,-8229112.4627
30Q151,Q151,Q151,P.S. 151 Mary D. Carter,30,40.758027,-73.908146,4976715.950300001,-8227417.178200001
30Q152,Q152,Q152,P.S. 152 Gwendoline N. Alleyne School,30,40.753094,-73.900584,4975991.015799999,-8226575.3802000005
30Q166,Q166,Q166,P.S. 166 Henry Gradstein,30,40.757497,-73.926249,4976638.060999997,-8229432.3949
30Q171,Q171,Q171,P.S. 171 Peter G. Van Alst,30,40.770926,-73.929093,4978611.7914,-8229748.987600001
30Q204,Q204,Q204,I.S. 204 Oliver W. Holmes,30,40.756471,-73.932628,4976487.2808,-8230142.502
30Q212,Q212,Q212,P.S. 212,30,40.753035,-73.884458,4975982.345700003,-8224780.2421
30Q222,Q222,Q222,P.S. Q222 - Fire Fighter Christopher A. Santora Sc,30,40.750442,-73.879991,4975601.310500003,-8224282.9779
30Q227,Q227,Q227,I.S. 227 Louis Armstrong,30,40.757567,-73.874614,4976648.348200001,-8223684.413000001
30Q228,Q228,Q228,The Ivan Lafayette Early Childhood School of the A,30,40.756931,-73.874947,4976554.881800003,-8223721.4824
30Q230,Q230,Q230,I.S. 230,30,40.752618,-73.892883,4975921.067599997,-8225718.1088
30Q234,Q234,Q234,P.S. 234,30,40.766898,-73.923044,4978019.7333,-8229075.616
30Q235,Q234,Q235,Academy for New Americans,30,40.766898,-73.923044,4978019.7333,-8229075.616
30Q258,Q204,Q258,Energy Tech High School,30,40.756471,-73.932628,4976487.2808,-8230142.502
30Q280,Q280,Q280,PS280Q: Home of the Lionhearts,30,40.753345,-73.874109,4976027.9004999995,-8223628.196699999
30Q286,Q739,Q286,"Young Women's Leadership School, Astoria",30,40.770769,-73.92383,4978588.714000002,-8229163.1131
30Q291,Q404,Q291,Hunters Point Community Middle School,30,40.742964,-73.959183,4974502.519100003,-8233098.591
30Q300,Q017,Q300,The 30th Avenue School (G&T Citywide),30,40.768034,-73.922544,4978186.705300003,-8229019.9562
30Q301,Q404,Q301,Academy for Careers in Television and Film,30,40.742964,-73.959183,4974502.519100003,-8233098.591
30Q329,Q329,Q329,East Elmhurst Community School,30,40.761573,-73.872244,4977237.089900002,-8223420.5858
30Q361,Q339,Q361,The Woodside Community School,30,40.747701,-73.90643,4975198.543099999,-8227226.153899999
30Q367,Q429,Q367,Motion Picture Technical High School,30,40.749753,-73.915929,4975500.066,-8228283.5778
30Q384,Q375,Q384,Hunters Point Elementary School,30,40.738864,-73.960836,4973900.131700002,-8233282.6022
30Q389,Q389,Q389,District 30 Pre-K Center,30,40.76836,-73.874094,4978234.622100003,-8223626.526900001
30Q398,Q398,Q398,The Hector Figueroa School,30,40.752773,-73.896705,4975943.844800003,-8226143.571900001
30Q417,Q450,Q417,Gotham Tech High School,30,40.751838,-73.936592,4975806.447499998,-8230583.772399999
30Q429,Q429,Q429,I.S 429,30,40.749753,-73.915929,4975500.066,-8228283.5778
30Q445,Q445,Q445,William Cullen Bryant High School,30,40.757072,-73.911165,4976575.603,-8227753.251700001
30Q450,Q452,Q450,Long Island City High School,30,40.765881,-73.933907,4977870.254600003,-8230284.8796
30Q501,Q570,Q501,Frank Sinatra School of the Arts High School,30,40.756099,-73.925182,4976432.612499997,-8229313.617000001
30Q502,Q725,Q502,Information Technology High School,30,40.748502,-73.946488,4975316.241700001,-8231685.3901
30Q555,Q450,Q555,ATLAS,30,40.751838,-73.936592,4975806.447499998,-8230583.772399999
30Q575,Q575,Q575,Academy of American Studies,30,40.751839,-73.936596,4975806.594499998,-8230584.217700001
30Q580,Q798,Q580,Baccalaureate School for Global Education,30,40.754975,-73.926977,4976267.433899999,-8229513.4355
31R001,R001,R001,P.S. 001 Tottenville,31,40.508638,-74.24395,4940133.8156,-8264798.7085
31R002,R002,R002,I.S. R002 George L. Egbert,31,40.576728,-74.099685,4950108.189000003,-8248739.202099999
31R003,R003,R003,P.S. 003 The Margaret Gioiosa School,31,40.520812,-74.21185,4941916.417499997,-8261225.3528
31R004,R004,R004,P.S. 004 Maurice Wollin,31,40.552059,-74.195281,4946493.303099997,-8259380.9002
31R005,R005,R005,P.S. 005 Huguenot,31,40.529389,-74.187276,4943172.515900001,-8258489.787699999
31R006,R006,R006,P.S. 6 Corporal Allan F. Kivlehan School,31,40.510207,-74.230118,4940363.5414,-8263258.9373
31R007,R007,R007,I.S. 007 Elias Bernstein,31,40.522971,-74.186096,4942232.587099999,-8258358.4307
31R008,R008,R008,P.S. 8 Shirlee Solomon,31,40.547567,-74.152212,4945835.208700001,-8254586.481000001
31R009,R048,R009,Naples Street Elementary School,31,40.60265,-74.090245,4953908.120499998,-8247688.346100001
31R010,R016,R010,Fort Hill Collaborative Elementary School,31,40.639638,-74.079594,4959332.780299999,-8246502.6822999995
31R011,R011,R011,P.S. 11 Thomas Dongan School,31,40.590887,-74.098252,4952183.588200003,-8248579.681299999
31R013,R013,R013,P.S. 013 M. L. Lindemeyer,31,40.613322,-74.068963,4955472.967699997,-8245319.2447
31R016,R016,R016,P.S. 016 John J. Driscoll,31,40.639638,-74.079594,4959332.780299999,-8246502.6822999995
31R018,R018,R018,P.S. 018 John G. Whittier,31,40.636521,-74.116817,4958875.525200002,-8250646.3277
31R019,R019,R019,P.S. 019 The Curtis School,31,40.630563,-74.126851,4958001.562799998,-8251763.307399999
31R020,R020,R020,P.S. 020 Port Richmond,31,40.636729,-74.132382,4958906.0375000015,-8252379.0155
31R021,R021,R021,P.S. 21 Margaret Emery-Elm Park,31,40.631165,-74.144599,4958089.8649,-8253739.005799999
31R022,R022,R022,P.S. 022 Graniteville,31,40.624847,-74.150544,4957163.171899997,-8254400.800100001
31R023,R023,R023,P.S. 023 Richmondtown,31,40.570765,-74.133216,4949234.275300004,-8252471.856000001
31R024,R024,R024,I.S. 024 Myra S. Barnes,31,40.54549,-74.145558,4945530.935500003,-8253845.7611
31R026,R026,R026,P.S. 026 The Carteret School,31,40.591546,-74.190093,4952280.193899997,-8258803.3747000005
31R027,R027,R027,I.S. 027 Anning S. Prall,31,40.628291,-74.117818,4957668.309900001,-8250757.7585
31R028,R049,R028,The Eagle Academy for Young Men of Staten Island,31,40.620443,-74.080695,4956517.266800001,-8246625.244999999
31R029,R029,R029,P.S. 029 Bardwell,31,40.614039,-74.116197,4955578.111100003,-8250577.309599999
31R030,R030,R030,P.S. 030 Westerleigh,31,40.618097,-74.13308,4956173.212200001,-8252456.716499999
31R031,R031,R031,P.S. 031 William T. Davis,31,40.64209,-74.08542,4959692.496799998,-8247151.229599999
31R032,R032,R032,P.S. 032 The Gifford School,31,40.5579,-74.1554,4947349.097000003,-8254941.3675999995
31R034,R034,R034,I.S. 034 Tottenville,31,40.5083,-74.2434,4940084.3279,-8264737.482799999
31R035,R035,R035,P.S. 35 The Clove Valley School,31,40.613548,-74.098994,4955506.108999997,-8248662.2804000005
31R036,R036,R036,P.S. 036 J. C. Drumgoole,31,40.543433,-74.182548,4945229.601599999,-8257963.4691
31R038,R038,R038,P.S. 038 George Cromwell,31,40.574799,-74.099409,4949825.473899998,-8248708.478
31R039,R039,R039,P.S. 39 Francis J. Murphy Jr.,31,40.597824,-74.07061,4953200.560800001,-8245502.5879
31R041,R041,R041,The Stephanie A. Vierno School,31,40.573599,-74.108492,4949649.605499998,-8249719.5929000005
31R042,R042,R042,P.S. 042 Eltingville,31,40.552213,-74.169038,4946515.865500003,-8256459.5428
31R044,R044,R044,P.S. 044 Thomas C. Brown,31,40.631689,-74.157303,4958166.726599999,-8255153.2086
31R045,R045,R045,P.S. 045 John Tyler,31,40.628419,-74.107537,4957687.084399998,-8249613.2828
31R046,R046,R046,P.S. 046 Albert V. Maniscalco,31,40.594455,-74.080829,4952706.648199998,-8246640.161800001
31R047,R043,R047,CSI High School for International Studies,31,40.581958,-74.159343,4950874.741300002,-8255380.3003
31R048,R071,R048,P.S. 048 William G. Wilcox,31,40.603492,-74.091239,4954031.5748,-8247798.9977
31R049,R049,R049,I.S. 49 Berta A. Dreyfus,31,40.620443,-74.080695,4956517.266800001,-8246625.244999999
31R050,R050,R050,P.S. 050 Frank Hankinson,31,40.560954,-74.124332,4947796.583400004,-8251482.8936
31R051,R051,R051,I.S. 051 Edwin Markham,31,40.623077,-74.145522,4956903.572800003,-8253841.7535999995
31R052,R052,R052,P.S. 052 John C. Thompson,31,40.58255,-74.089012,4950961.513499998,-8247551.089199999
31R053,R053,R053,The Barbara Esselborn School,31,40.551926,-74.13664,4946473.817500003,-8252853.013900001
31R054,R054,R054,P.S. 054 Charles W. Leng,31,40.602779,-74.137259,4953927.034400001,-8252921.920700001
31R055,R055,R055,P.S. 055 Henry M. Boehm,31,40.536625,-74.163037,4944232.350400001,-8255791.5145
31R056,R056,R056,P.S. 56 The Louis Desario School,31,40.541856,-74.213943,4944998.590099998,-8261458.3445
31R057,R057,R057,P.S. 057 Hubert H. Humphrey,31,40.611136,-74.083799,4955152.411700003,-8246970.7807
31R058,R058,R058,Space Shuttle Columbia School,31,40.582791,-74.160867,4950996.838200003,-8255549.951199999
31R059,R059,R059,The Harbor View School,31,40.647898,-74.083408,4960544.602300003,-8246927.254799999
31R060,R060,R060,P.S. 060 Alice Austen,31,40.610604,-74.162634,4955074.400600001,-8255746.652799999
31R061,R061,R061,I.S. 061 William A Morris,31,40.634497,-74.097941,4958578.6215,-8248545.061000001
31R062,R062,R062,The Kathleen Grimm School for Leadership and Susta,31,40.541563,-74.217934,4944955.669699997,-8261902.6206
31R063,R043,R063,Marsh Avenue School for Expeditionary Learning,31,40.581958,-74.159343,4950874.741300002,-8255380.3003
31R064,R043,R064,Gaynor McCown Expeditionary Learning School,31,40.581958,-74.159343,4950874.741300002,-8255380.3003
31R065,R829,R065,P.S. 65 The Academy of Innovative Learning,31,40.633666,-74.078337,4958456.723499998,-8246362.753699999
31R066,R077,R066,The Richmond Pre-K Center,31,40.643,-74.076955,4959826.000200003,-8246208.9101
31R068,R066,R068,Port Richmond School for Visionary Learning,31,40.624781,-74.142526,4957153.491800003,-8253508.2404
31R069,R069,R069,P.S. 069 Daniel D. Tompkins,31,40.59148,-74.157327,4952270.518600002,-8255155.8802000005
31R072,R072,R072,I.S. 072 Rocco Laurie,31,40.592132,-74.158618,4952366.098999999,-8255299.593699999
31R074,R831,R074,P.S. 74 Future Leaders Elementary School,31,40.638993,-74.079438,4959238.1589,-8246485.316400001
31R075,R075,R075,I.S. 075 Frank D. Paulo,31,40.544535,-74.197033,4945391.034599997,-8259575.9319
31R078,R014,R078,P.S. 78,31,40.622415,-74.079228,4956806.481600001,-8246461.939300001
31R080,R880,R080,The Michael J. Petrides School,31,40.607637,-74.105883,4954639.3386999965,-8249429.1603
31R084,R070,R084,The Waverly Academy of Empowered Learners,31,40.618479,-74.084382,4956229.233900003,-8247035.68
31R085,R070,R085,The Young Women’s Leadership School of Staten Isla,31,40.618479,-74.084382,4956229.233900003,-8247035.68
31R440,R435,R440,New Dorp High School,31,40.570909,-74.105878,4949255.3785,-8249428.603700001
31R445,R445,R445,Port Richmond High School,31,40.635562,-74.141924,4958734.846900001,-8253441.2261
31R450,R450,R450,Curtis High School,31,40.645436,-74.082149,4960183.387400001,-8246787.103599999
31R455,R455,R455,Tottenville High School,31,40.528152,-74.193431,4942991.3478000015,-8259174.959100001
31R460,R460,R460,Susan E. Wagner High School,31,40.588985,-74.130819,4951904.7711,-8252205.0232
31R470,R470,R470,Concord High School,31,40.61062,-74.087072,4955076.746799998,-8247335.1294
31R600,R600,R600,Ralph R. McKee Career and Technical Education High,31,40.64282,-74.079263,4959799.592799999,-8246465.8355
31R605,R440,R605,Staten Island Technical High School,31,40.568299,-74.117086,4948872.890900001,-8250676.272600001
31R861,R861,R861,Staten Island School of Civic Leadership,31,40.62031,-74.164427,4956497.761299998,-8255946.2486000005
32K045,K045,K045,P.S./I.S. 045 Horace E. Greene,32,40.686424,-73.91043,4966198.722199999,-8227671.4319
32K075,K075,K075,P.S. 075 Mayda Cortiella,32,40.693261,-73.921336,4967202.469499998,-8228885.4823
32K086,K086,K086,P.S. 086 The Irvington,32,40.700595,-73.917804,4968279.296499997,-8228492.3018
32K106,K106,K106,P.S. 106 Edward Everett Hale,32,40.693318,-73.913378,4967210.838200003,-8227999.6018
32K116,K116,K116,P.S. 116 Elizabeth L Farrell,32,40.698077,-73.916563,4967909.5735,-8228354.1543000005
32K123,K123,K123,P.S. 123 Suydam,32,40.704076,-73.922388,4968790.441699997,-8229002.590399999
32K145,K145,K145,P.S. 145 Andrew Jackson,32,40.701107,-73.932388,4968354.476199999,-8230115.7853
32K151,K151,K151,P.S. 151 Lyndon B. Johnson,32,40.693432,-73.908242,4967227.575499997,-8227427.8649
32K162,K162,K162,J.H.S. 162 The Willoughby,32,40.706816,-73.919643,4969192.798299998,-8228697.0184
32K168,K480,K168,The Brooklyn School for Math and Research,32,40.696457,-73.911751,4967671.713100001,-8227818.484999999
32K274,K274,K274,P.S. 274 Kosciusko,32,40.694179,-73.92818,4967337.249899998,-8229647.3529
32K291,K291,K291,J.H.S. 291 Roland Hayes,32,40.695875,-73.915217,4967586.260899998,-8228204.318299999
32K299,K299,K299,P.S. 299 Thomas Warren Field,32,40.690755,-73.917899,4966834.549000002,-8228502.8772
32K347,K111,K347,I.S. 347 School of Humanities,32,40.70081,-73.927938,4968310.865999997,-8229620.4136
32K349,K111,K349,"I.S. 349 Math, Science & Tech.",32,40.70081,-73.927938,4968310.865999997,-8229620.4136
32K376,K376,K376,P.S. 376,32,40.69805,-73.920187,4967905.609099999,-8228757.576199999
32K377,K377,K377,P.S. 377 Alejandrina B. De Gautier,32,40.693542,-73.915159,4967243.725599997,-8228197.8618
32K383,K383,K383,J.H.S. 383 Philippa Schuyler,32,40.697898,-73.919088,4967883.291100003,-8228635.236099999
32K384,K384,K384,P.S. /I.S. 384 Frances E. Carter,32,40.689883,-73.904695,4966706.528800003,-8227033.014599999
32K403,K480,K403,Academy for Excellence in Leadership,32,40.696457,-73.911751,4967671.713100001,-8227818.484999999
32K545,K913,K545,EBC High School for Public Service - Bushwick,32,40.694723,-73.929315,4967417.120700002,-8229773.7005
32K549,K480,K549,The Brooklyn School for Social Justice,32,40.696457,-73.911751,4967671.713100001,-8227818.484999999
32K552,K480,K552,The Academy of Urban Planning and Engineering,32,40.696457,-73.911751,4967671.713100001,-8227818.484999999
32K554,K554,K554,All City Leadership Secondary School,32,40.697378,-73.913172,4967806.940399997,-8227976.67
32K556,Q849,K556,Bushwick Leaders High School for Academic Excellen,24,40.699101,-73.902147,4968059.9278,-8226749.3726
32K562,K296,K562,Evergreen Middle School for Urban Exploration,32,40.688647,-73.910589,4966525.071900003,-8227689.1317
32K564,K291,K564,Bushwick Community High School,32,40.695875,-73.915217,4967586.260899998,-8228204.318299999
33K891,K777,K891,Brooklyn Navy Yard STEAM Center,13,40.702258,-73.972767,4968523.485799998,-8234610.755000001
33R903,R880,R903,The Modern Youth Apprenticeship Program,31,40.607637,-74.105883,4954639.3386999965,-8249429.1603
64QCFV,QCFV,QCFV,Pinceles magicos daycare,30,40.7596,-73.875668,4976947.123599999,-8223801.743799999
75K004,K273,K004,P.S. K004,19,40.6585,-73.879276,4962100.238300003,-8224203.384500001
75K036,K857,K036,P.S. 36,19,40.660465,-73.887195,4962388.5907000005,-8225084.9235
75K053,K088,K053,P.S. K053,15,40.660805,-73.988743,4962438.4846,-8236389.1952
75K077,K902,K077,P.S. K077,13,40.678809,-73.976648,4965080.876999997,-8235042.786
75K140,K258,K140,P.S. K140,13,40.68192,-73.9456,4965537.541299999,-8231586.5384
75K141,K002,K141,P.S. K141,17,40.656423,-73.951575,4961795.459700003,-8232251.6724
75K231,K180,K231,P.S. K231,20,40.626454,-73.98925,4957398.870399997,-8236445.634199999
75K368,K033,K368,P.S. 368,14,40.696698,-73.947557,4967707.098099999,-8231804.3906
75K369,K369,K369,P.S. K369 - Coy L. Cox School,15,40.687432,-73.983312,4966346.701300003,-8235784.619000001
75K370,K370,K370,P.S. 370,21,40.577709,-73.969872,4950251.968000002,-8234288.485099999
75K371,K371,K371,P.S. 371 - Lillian L. Rashkis,15,40.654306,-74.005168,4961484.8213,-8238217.617799999
75K372,K834,K372,P.S. 372 -The Children's School,15,40.676198,-73.9855,4964697.624200001,-8236028.1861000005
75K373,K148,K373,P.S. 373 - Brooklyn Transition Center,14,40.699214,-73.945211,4968076.5198,-8231543.235099999
75K396,K396,K396,Sid Miller Academy,23,40.668232,-73.911788,4963528.436399996,-8227822.603800001
75K403,X953,KHOS,Hospital Schools - Brooklyn,8,40.831829,-73.827642,4987568.035400003,-8218455.513900001
75K503,K231,K999,Home Instruction - Brooklyn,15,40.654306,-74.005168,4961484.8213,-8238217.617799999
75K721,K722,K721,P.S. K721 - Brooklyn Occupational Training Center,21,40.58807,-73.981925,4951770.642700002,-8235630.218900001
75K753,K085,K753,P.S. K753 - School for Career Development,13,40.682576,-73.969248,4965633.838399999,-8234219.0217
75K771,K225,K771,P.S. K771,21,40.58026,-73.955856,4950625.861699998,-8232728.2311
75K811,K286,K811,P.S. K811 Connie Lekas School,22,40.591132,-73.93861,4952219.503700003,-8230808.415200001
75M035,M058,M035,P.S. 035,2,40.764129,-73.985899,4977612.7509,-8236072.602600001
75M079,M079,M079,P.S. M079 - Horan School,5,40.802547,-73.942009,4983260.871399999,-8231186.790100001
75M094,M276,M094,P.S. M094,2,40.706384,-74.017456,4969129.359899998,-8239585.511700001
75M138,M030,M138,P.S. 138,5,40.805653,-73.935461,4983717.650799997,-8230457.870100001
75M169,M169,M169,P.S. M169 - Robert F. Kennedy,2,40.780798,-73.955594,4980062.985299997,-8232699.065400001
75M226,M475,M226,P.S. M226,2,40.732665,-73.98259,4972989.421899997,-8235704.2464000005
75M401,X953,M401,Hospital Schools,8,40.831829,-73.827642,4987568.035400003,-8218455.513900001
75M501,X953,M501,Home Instruction,8,40.831829,-73.827642,4987568.035400003,-8218455.513900001
75M721,M641,M721,P.S. M721 - Manhattan Occupational Training Center,2,40.729052,-74.006155,4972458.666699998,-8238327.4902
75M751,M751,M751,Manhattan School for Career Development,1,40.725892,-73.987791,4971994.481399998,-8236283.2190000005
75M811,M841,M811,P.S. M811 - Mickey Mantle School,3,40.78633,-73.979217,4980876.2892,-8235328.765699999
75Q004,Q179,Q004,P.S. Q004,26,40.7417,-73.778118,4974316.803499997,-8212942.5274
75Q009,Q009,Q009,P.S. 009,24,40.718234,-73.912458,4970869.6581000015,-8227897.1877999995
75Q023,Q841,Q023,P.S. Q023 @ Queens Children Center,24,40.739438,-73.92864,4973984.4636999965,-8229698.559800001
75Q075,Q075,Q075,Robert E. Peary School,24,40.698699,-73.904888,4968000.9016999975,-8227054.499299999
75Q177,Q177,Q177,P.S. Q177,26,40.7434,-73.787419,4974566.579999998,-8213977.91
75Q224,Q186,Q224,P.S. Q224,26,40.749556,-73.721594,4975471.118199997,-8206650.304500001
75Q233,Q686,Q233,P.S. Q233,28,40.708431,-73.855543,4969429.9614999965,-8221561.438999999
75Q255,Q168,Q255,P.S. Q255,25,40.724195,-73.80938,4971745.211300001,-8216422.5974
75Q277,Q777,Q277,The Riverview School,24,40.73668,-73.921346,4973579.2654,-8228886.5955
75Q404,QAZJ,QHOS,Hospital Schools - Queens,24,40.753379,-73.708999,4976032.8967999965,-8205248.2356
75Q504,Q142,Q999,Home Instruction - Queen,28,40.683473,-73.800875,4965765.5145,-8215475.825099999
75Q721,Q722,Q721,John F. Kennedy Jr. School,24,40.735613,-73.867882,4973422.509000003,-8222935.010199999
75Q752,Q142,Q752,Queens Transition Center,28,40.683473,-73.800875,4965765.5145,-8215475.825099999
75Q811,Q811,Q811,P.S. Q811,26,40.756481,-73.728412,4976488.750399999,-8207409.2808
75Q993,Q191,Q993,P.S. Q993,26,40.734266,-73.708617,4973224.620499998,-8205205.7115
75R025,R825,R025,South Richmond High School I.S./P.S. 25,31,40.512019,-74.218688,4940628.8527000025,-8261986.555500001
75R037,R840,R037,The David Marquis School of the Arts,31,40.5641,-74.151368,4948257.571500003,-8254492.5274
75R373,R040,R373,P.S. R373,31,40.64118,-74.095454,4959558.995300002,-8248268.2094
75R405,X953,RHOS,Hospital Schools - Staten Island,8,40.831829,-73.827642,4987568.035400003,-8218455.513900001
75R505,R040,R999,Home Instruction - S.I.,31,40.64118,-74.095454,4959558.995300002,-8248268.2094
75R721,R086,R721,The Richard H. Hungerford School,31,40.608374,-74.108045,4954747.4059000015,-8249669.8331
75X010,X101,X010,P.S. X010,8,40.82708,-73.829211,4986869.363700002,-8218630.1742
75X012,X012,X012,P.S. X012 Lewis and Clark School,11,40.840625,-73.844685,4988862.233000003,-8220352.732000001
75X017,X184,X017,P.S. X017,7,40.818703,-73.905389,4985637.063500002,-8227110.270400001
75X168,X020,X168,P.S. 168,10,40.869482,-73.878731,4993109.307800002,-8224142.715399999
75X176,X455,X176,P.S. X176,11,40.874035,-73.831669,4993779.571800001,-8218903.797499999
75X186,X136,X186,P186X Walter J. Damrosch School,12,40.831388,-73.897797,4987503.153499998,-8226265.1328
75X188,X034,X188,P.S. X188,10,40.850168,-73.883877,4990266.534400001,-8224715.5655000005
75X352,X006,X352,The Vida Bogart School for All Children,12,40.840445,-73.882531,4988835.747000001,-8224565.7294
75X402,X953,XHOS,Hospital Schools - Bronx,8,40.831829,-73.827642,4987568.035400003,-8218455.513900001
75X469,X410,X469,The Bronx School for Continuous Learners,9,40.839307,-73.911366,4988668.2984,-8227775.627
75X502,X953,X999,Home Instruction - Bronx,8,40.831829,-73.827642,4987568.035400003,-8218455.513900001
75X596,X178,X596,P.S. X596,11,40.874035,-73.831669,4993779.571800001,-8218903.797499999
75X643,X487,X643,P.S. X643,7,40.816974,-73.912039,4985382.737999998,-8227850.545
75X721,X722,X721,P.S. X721 - Stephen McSweeney School,11,40.842725,-73.839114,4989171.241400003,-8219732.5711
75X723,X701,X723,P.S. 723,11,40.88298,-73.831856,4995096.532700002,-8218924.6142
75X754,X155,X754,J. M. Rapport School Career Development,7,40.811051,-73.909363,4984511.5506,-8227552.653999999
75X811,X084,X811,P.S. X811,12,40.830552,-73.886798,4987380.1586000025,-8225040.729699999
79K755,Q733,K755,Adult and Continuing Education,28,40.70283,-73.807991,4968607.4777000025,-8216267.9746
79K925,K515,K925,YABC Programs - Brooklyn and Queens,18,40.634451,-73.916927,4958571.873800002,-8228394.6746
79M331,M646,M331,The Judith S. Kaye School - D79,4,40.784112,-73.945647,4980550.195,-8231591.770400001
79M379,X600,M379,"YABC Programs – Manhattan, Bronx, Staten Island",7,40.818645,-73.919949,4985628.531999998,-8228731.0821
79M645,M646,M645,School for Cooperative Technical Education,4,40.784112,-73.945647,4980550.195,-8231591.770400001
79M921,M048,M921,District 79 Youth Justice and Treatment Programs T,6,40.853193,-73.933629,4990711.720899999,-8230253.9328000005
79M973,M834,M973,Restart Academy,2,40.767848,-73.98861,4978159.366400003,-8236374.389699999
79M984,M827,M984,LYFE,2,40.753038,-73.992405,4975982.786600001,-8236796.847200001
79Q344,Q535,Q344,East River Academy,7,40.7888,-73.8839,4981239.445699997,-8224718.1258000005
79Q950,Q733,Q950,Pathways to Graduation,28,40.70283,-73.807991,4968607.4777000025,-8216267.9746
79X695,X991,X695,Passages Academy,7,40.814614,-73.913386,4985035.606899999,-8228000.4923
84K037,K071,K037,Beginning with Children Charter School II,14,40.703996,-73.953304,4968778.694300003,-8232444.1438
84K125,K059,K125,Success Academy Charter School - Bed Stuy 2,14,40.697619,-73.943279,4967842.325999998,-8231328.165899999
84K129,K293,K129,Success Academy Charter School - Cobble Hill,15,40.685006,-73.993293,4965990.556999996,-8236895.698899999
84K182,K050,K182,Success Academy Charter School - Williamsburg,14,40.711915,-73.960137,4969941.6074,-8233204.789799999
84K333,K022,K333,Explore Exceed Charter School,17,40.6771,-73.960093,4964830.021600001,-8233199.891799999
84K355,K016,K355,Williamsburg Collegiate Charter School,14,40.706069,-73.962049,4969083.103100002,-8233417.6327
84K356,K391,K356,Achievement First Crown Heights Charter School,17,40.662092,-73.936313,4962627.3500000015,-8230552.714299999
84K357,K390,K357,KIPP Always Mentally Prepared Charter School,17,40.67229,-73.937601,4964124.020800002,-8230696.093800001
84K358,K013,K358,Achievement First East New York Charter School,19,40.664067,-73.893328,4962917.185500003,-8225767.646
84K360,K243,K360,Launch Expeditionary Learning Charter School,16,40.675675,-73.935093,4964620.858099997,-8230416.9045
84K362,KAWR,K362,Hellenic Classical Charter School,15,40.662985,-73.992254,4962758.398599997,-8236780.037900001
84K367,K033,K367,Success Academy Charter School - Bed Stuy 1,14,40.696698,-73.947557,4967707.098099999,-8231804.3906
84K379,K114,K379,Explore Excel Charter School,18,40.642684,-73.90788,4959779.640600003,-8227387.5671999995
84K395,K907,K395,New Visions AIM Charter High School I,17,40.666251,-73.923881,4963237.702200003,-8229168.7904
84K406,K262,K406,"EMBER Charter School for Mindful Education, Innova",16,40.682949,-73.930132,4965688.593099996,-8229864.648499999
84K417,KASZ,K417,Urban Dove Team Charter School,22,40.622425,-73.955004,4956807.948200002,-8232633.3869
84K473,KBYQ,K473,Williamsburg Charter High School,14,40.703703,-73.935969,4968735.6696000025,-8230514.420399999
84K486,KBBA,K486,New Dawn Charter High School,15,40.68291,-73.990292,4965682.868100002,-8236561.6291000005
84K508,K784,K508,Achievement First Endeavor Charter School,13,40.682422,-73.965928,4965611.232000001,-8233849.441
84K517,K258,K517,Leadership Preparatory Bedford Stuyvesant Charter,13,40.68192,-73.9456,4965537.541299999,-8231586.5384
84K536,K067,K536,Community Roots Charter School,13,40.695339,-73.977674,4967507.5634,-8235156.9998
84K538,K383,K538,Achievement First Bushwick Charter School,32,40.697898,-73.919088,4967883.291100003,-8228635.236099999
84K593,K783,K593,Excellence Boys Charter School of Bedford Stuyvesa,16,40.683446,-73.925851,4965761.550999999,-8229388.0898
84K608,K252,K608,Kings Collegiate Charter School,18,40.657712,-73.919818,4961984.606200002,-8228716.499299999
84K626,K055,K626,Achievement First Brownsville Charter School,23,40.674456,-73.912685,4964441.935000002,-8227922.4574
84K648,K324,K648,Bedford Stuyvesant Collegiate Charter School,16,40.68797,-73.932066,4966425.6831,-8230079.940400001
84K649,K324,K649,La Cima Charter School,16,40.68797,-73.932066,4966425.6831,-8230079.940400001
84K651,K990,K651,PAVE Academy Charter School,15,40.675936,-74.003372,4964659.1677,-8238017.687999999
84K652,KBGH,K652,Brooklyn Ascend Charter School,18,40.661945,-73.92044,4962605.777800001,-8228785.74
84K680,K202,K680,Achievement First Aspire Charter School,19,40.665817,-73.876084,4963174.009000003,-8223848.0527
84K693,K126,K693,Northside Charter High School,14,40.719818,-73.947932,4971102.308799997,-8231846.135500001
84K701,K023,K701,Brooklyn Charter School,14,40.69447,-73.947256,4967379.974799998,-8231770.8835
84K702,K270,K702,Community Partnership Charter School,13,40.689499,-73.960808,4966650.153499998,-8233279.485200001
84K704,K002,K704,Explore Charter School,17,40.656423,-73.951575,4961795.459700003,-8232251.6724
84K707,KDZH,K707,Brooklyn Prospect Charter School - CSD 15,15,40.653277,-74.007222,4961333.834399998,-8238446.268100001
84K710,KAHN,K710,Brownsville Collegiate Charter School,14,40.706729,-73.944,4969180.022500001,-8231408.427200001
84K711,K275,K711,Leadership Preparatory Brownsville Charter School,23,40.655644,-73.906662,4961681.151900001,-8227251.9801
84K712,K309,K712,Excellence Girls Charter School,16,40.6881,-73.924422,4966444.767999999,-8229229.0142
84K724,K279,K724,Leadership Preparatory Canarsie Charter School,18,40.644134,-73.892797,4959992.368500002,-8225708.5353
84K730,K027,K730,Summit Academy Charter School,15,40.677914,-74.005151,4964949.503700003,-8238215.725400001
84K731,KAQX,K731,Brooklyn Excelsior Charter School,16,40.689569,-73.925087,4966660.430200003,-8229303.0417
84K733,K291,K733,"Math, Engineering, and Science Academy Charter Hig",32,40.695875,-73.915217,4967586.260899998,-8228204.318299999
84K736,K233,K736,New American Academy Charter School,18,40.651642,-73.914282,4961093.932800002,-8228100.2346
84K737,KBVT,K737,Brownsville Ascend Charter School,23,40.668608,-73.918123,4963583.619599998,-8228527.8127999995
84K738,K495,K738,New Visions Charter High School for Advanced Math,22,40.593157,-73.936635,4952516.361400001,-8230588.5592
84K739,K495,K739,New Visions Charter High School for the Humanities,22,40.593157,-73.936635,4952516.361400001,-8230588.5592
84K740,KAJS,K740,Brooklyn Scholars Charter School,19,40.669356,-73.867138,4963693.3999999985,-8222852.1885
84K741,K161,K741,Success Academy Charter School - Crown Heights,17,40.665757,-73.949243,4963165.203500003,-8231992.075300001
84K742,K210,K742,Explore Empower Charter School,17,40.67271,-73.928917,4964185.665399998,-8229729.395300001
84K744,K303,K744,Coney Island Preparatory Public Charter School,21,40.582518,-73.972009,4950956.823100001,-8234526.3748
84K746,KBZT,K746,Hebrew Language Academy Charter School,22,40.612258,-73.914312,4955316.941,-8228103.574200001
84K752,K495,K752,Success Academy Charter School - Fort Greene,22,40.593157,-73.936635,4952516.361400001,-8230588.5592
84K756,K138,K756,Success Academy Charter School - Prospect Heights,17,40.673943,-73.951559,4964366.638599999,-8232249.8912
84K757,K044,K757,Unity Preparatory Charter School of Brooklyn,13,40.686213,-73.940859,4966167.746699996,-8231058.772700001
84K758,KBNU,K758,Brooklyn Urban Garden Charter School,15,40.656202,-73.982624,4961763.0308,-8235708.031199999
84K759,KAGD,K759,Canarsie Ascend Charter School,18,40.643834,-73.900432,4959948.3554000035,-8226558.4596
84K766,KDZH,K766,Brooklyn Prospect Charter School - CSD 13.2,15,40.653277,-74.007222,4961333.834399998,-8238446.268100001
84K769,K328,K769,Hyde Leadership Charter School - Brooklyn,19,40.667985,-73.898249,4963492.185900003,-8226315.449200001
84K772,K096,K772,Success Academy Charter School - Bensonhurst,21,40.608135,-73.984985,4954712.3609,-8235970.8565
84K774,K302,K774,Achievement First Apollo Charter School,19,40.677112,-73.884211,4964831.783,-8224752.746200001
84K775,K332,K775,Leadership Preparatory Ocean Hill Charter School,23,40.672216,-73.906018,4964113.159599997,-8227180.2903
84K777,K271,K777,Ocean Hill Collegiate Charter School,23,40.678124,-73.915106,4964980.328599997,-8228191.9618999995
84K780,K252,K780,Brooklyn East Collegiate Charter School,18,40.657712,-73.919818,4961984.606200002,-8228716.499299999
84K781,K078,K781,Success Academy Charter School - Bergen Beach,22,40.620537,-73.912914,4956531.052699998,-8227947.9495
84K782,KAKB,K782,Bedford Stuyvesant New Beginnings Charter School,16,40.694676,-73.937717,4967410.2201000005,-8230709.006899999
84K784,K377,K784,Achievement First North Brooklyn Preparatory Chart,32,40.693542,-73.915159,4967243.725599997,-8228197.8618
84K785,KAKM,K785,Imagine Me Leadership Charter School,19,40.660077,-73.883469,4962331.653300002,-8224670.1471
84K788,K166,K788,Achievement First Linden Charter School,19,40.659934,-73.885704,4962310.668700002,-8224918.9462
84K789,K113,K789,Compass Charter School,13,40.688769,-73.971474,4966542.982500002,-8234466.8189
84K790,KAJY,K790,Central Brooklyn Ascend Charter School,22,40.638957,-73.948982,4959232.877700001,-8231963.0209
84K791,KAKO,K791,Brooklyn Dreams Charter School,22,40.632149,-73.969887,4958234.201099999,-8234290.1548999995
84K792,KBXV,K792,Cultural Arts Academy Charter School At Spring Cre,18,40.65452,-73.908341,4961516.222199999,-8227438.885500001
84K793,KAJP,K793,Bushwick Ascend Charter School,32,40.693748,-73.90892,4967273.970399998,-8227503.339500001
84K803,KCVO,K803,Brooklyn Laboratory Charter School,13,40.70043,-73.987399,4968255.068800002,-8236239.581800001
84K807,KAMH,K807,Collegiate Academy for Mathematics and Personal Aw,19,40.65787,-73.888775,4962007.791199997,-8225260.8083
84K876,K092,K876,Achievement First Voyager Charter School,17,40.656276,-73.95381,4961773.889300004,-8232500.4714
84K879,KBEQ,K879,Brooklyn Prospect Charter School - CSD 13,13,40.681102,-73.956832,4965417.464900002,-8232836.878900001
84K882,K677,K882,Success Academy Charter School - Bushwick,32,40.695975,-73.919653,4967600.943300001,-8228698.1316
84K883,K025,K883,Success Academy Charter School - Bed Stuy 3,16,40.691472,-73.940749,4966939.814599998,-8231046.5276
84K886,K884,K886,Success Academy Charter School - Flatbush,17,40.64879,-73.957501,4960675.476400003,-8232911.3517
84K892,K057,K892,Brooklyn Emerging Leaders Academy Charter School,16,40.691467,-73.932254,4966939.080499999,-8230100.8685
84K895,KCTL,K895,Hebrew Language Academy Charter School 2,21,40.600808,-73.986345,4953638.051299997,-8236122.2511
84K910,KAKT,K910,Cypress Hills Ascend Charter School,19,40.681183,-73.867071,4965429.354999997,-8222844.7301
84K911,KCVO,K911,Edmund W. Gordon Brooklyn Laboratory Charter Schoo,13,40.70043,-73.987399,4968255.068800002,-8236239.581800001
84K912,KAIX,K912,Key Collegiate Charter School,23,40.665264,-73.910292,4963092.851999998,-8227656.069800001
84K927,KBXX,K927,Ivy Hill Preparatory Charter School,18,40.643897,-73.922733,4959957.598200001,-8229040.9956
84K928,KAGI,K928,Brooklyn Prospect Charter School - CSD 15.2,15,40.647893,-73.97872,4960543.868699998,-8235273.4399
84K929,KAKN,K929,East Brooklyn Ascend Charter School,19,40.678076,-73.882154,4964973.282899998,-8224523.762
84K930,KCGR,K930,LEEP Dual Language Academy Charter School,15,40.642877,-74.012089,4959807.9551,-8238988.0600000005
84K933,KDHX,K933,Flatbush Ascend Charter School,17,40.652706,-73.954306,4961250.051600002,-8232555.685900001
84K934,KAJJ,K934,East Flatbush Ascend Charter School,18,40.652671,-73.939706,4961244.916100003,-8230930.4213
84K937,KCVI,K937,Brooklyn RISE Charter School,15,40.688909,-73.981971,4966563.5358000025,-8235635.3396000005
84K956,K219,K956,Lamad Academy Charter School,18,40.658834,-73.922296,4962149.250299998,-8228992.348999999
84K964,KBGH,K964,Brooklyn Ascend Charter School 6,18,40.661945,-73.92044,4962605.777800001,-8228785.74
84K966,KAKB,K966,Bedford Stuyvesant New Beginnings Charter School I,16,40.694676,-73.937717,4967410.2201000005,-8230709.006899999
84M065,MADR,M065,Democracy Preparatory Endurance Charter School,4,40.801547,-73.935335,4983113.8125,-8230443.843800001
84M068,M090,M068,KIPP NYC Washington Heights Academy Charter School,6,40.839139,-73.935815,4988643.578599997,-8230497.2772
84M080,M056,M080,Manhattan Charter School II,1,40.713362,-73.986051,4970154.115800001,-8236089.5231
84M085,M838,M085,Global Community Charter School,5,40.81698,-73.934951,4985383.6206,-8230401.097100001
84M100,MBTS,M100,Neighborhood Charter School of Harlem,6,40.823676,-73.945427,4986368.598899998,-8231567.280099999
84M168,M013,M168,East Harlem Scholars Academy Charter School II,4,40.793649,-73.948488,4981952.418399997,-8231908.029100001
84M170,M625,M170,Success Academy Charter School - Hell's Kitchen,2,40.763655,-73.990318,4977543.085000001,-8236564.523399999
84M174,M460,M174,Success Academy Charter School - Union Square,2,40.735361,-73.987064,4973385.487300001,-8236202.289799999
84M186,MAQE,M186,Harlem Hebrew Language Academy Charter School,3,40.804559,-73.952751,4983556.760799997,-8232382.584100001
84M202,MAFN,M202,Great Oaks Charter School,2,40.730564,-74.0029,4972680.778300002,-8237965.145199999
84M204,MCDT,M204,Capital Preparatory Harlem Charter School,5,40.808339,-73.938735,4984112.680699997,-8230822.3301
84M263,MBNS,M263,New York City Charter School of the Arts,2,40.705688,-74.013303,4969027.154600002,-8239123.2019
84M265,M387,M265,Success Academy Charter School - Washington Height,6,40.85765,-73.935231,4991367.6906,-8230432.2666
84M279,M113,M279,Opportunity Charter School,3,40.801573,-73.955583,4983117.636,-8232697.8409
84M284,M908,M284,Harlem Children's Zone Promise Academy Charter Sch,5,40.811882,-73.947317,4984633.7739999965,-8231777.674000001
84M295,MAHR,M295,School in the Square Public Charter School,6,40.848864,-73.936073,4990074.632200003,-8230525.9976
84M320,M142,M320,Manhattan Charter School,1,40.718121,-73.984116,4970853.061399996,-8235874.119899999
84M329,M208,M329,Harlem Link Charter School,3,40.798461,-73.950146,4982660.002400003,-8232092.5967999995
84M330,M060,M330,Girls Preparatory Charter School of New York,1,40.729152,-73.982472,4972473.356399998,-8235691.1107
84M335,M045,M335,Harlem Village Academy East Charter School,4,40.799265,-73.93374,4982778.2321000025,-8230266.2892
84M336,M195,M336,KIPP Infinity Charter School,5,40.819793,-73.956814,4985797.399400003,-8232834.8752
84M337,M050,M337,NYC Autism Charter School East Harlem,4,40.785559,-73.940919,4980762.934199996,-8231065.4519
84M338,MCCF,M338,WHIN Music Community Charter School,6,40.837994,-73.939921,4988475.103399999,-8230954.355
84M341,MANO,M341,Harlem Children's Zone Promise Academy II Charter,5,40.806139,-73.940871,4983789.125600003,-8231060.1085
84M350,M197,M350,Democracy Preparatory Charter School,5,40.813532,-73.938347,4984876.4602999985,-8230779.1381
84M351,M149,M351,Success Academy Charter School - Harlem 1,3,40.802649,-73.948088,4983275.871600002,-8231863.5013
84M353,MANN,M353,New Heights Academy Charter School,6,40.82884,-73.945368,4987128.288699999,-8231560.712300001
84M357,M389,M357,Success Academy Charter School - Harlem 6,5,40.816158,-73.95357,4985262.711599998,-8232473.7546999995
84M358,MBMO,M358,Success Academy Charter School - Hudson Yards,2,40.758759,-73.996499,4976823.5266999975,-8237252.589199999
84M373,MCFC,M373,Zeta Charter Schools - Inwood,6,40.871132,-73.911924,4993352.2051,-8227837.7432
84M380,MAGD,M380,Harlem Village Academy West 2 Charter School,5,40.80669,-73.945603,4983870.160400003,-8231586.872400001
84M382,MBMF,M382,DREAM Charter School East Harlem,4,40.789174,-73.945101,4981294.434900001,-8231530.99
84M383,MABT,M383,Storefront Academy Harlem Charter School,5,40.807581,-73.937717,4984001.200000003,-8230709.006899999
84M384,M030,M384,Success Academy Charter School - Harlem 2,5,40.805653,-73.935461,4983717.650799997,-8230457.870100001
84M385,M099,M385,Success Academy Charter School - Harlem 3,4,40.785107,-73.942154,4980696.480300002,-8231202.931399999
84M386,M113,M386,Success Academy Charter School - Harlem 4,3,40.801573,-73.955583,4983117.636,-8232697.8409
84M387,MAHU,M387,American Dream Charter School II,6,40.82477,-73.945776,4986529.5352,-8231606.1306
84M388,M092,M388,St. HOPE Leadership Academy Charter School,5,40.814917,-73.945838,4985080.1743,-8231613.032400001
84M389,MACU,M389,KIPP Beyond Charter School,3,40.811107,-73.960761,4984519.7870000005,-8233274.2532
84M390,MAFI,M390,Amber Charter School Inwood,6,40.87028,-73.91754,4993226.781000003,-8228462.9135
84M430,MBTN,M430,The Equity Project Charter School,6,40.864644,-73.923094,4992397.138300002,-8229081.1819
84M433,M099,M433,Innovation Charter High School,4,40.785107,-73.942154,4980696.480300002,-8231202.931399999
84M478,MBTQ,M478,Inwood Academy for Leadership Charter School,6,40.865508,-73.918591,4992524.3182,-8228579.9103
84M481,MAYS,M481,Democracy Preparatory Harlem Charter School,5,40.814598,-73.945,4985033.2535,-8231519.7467
84M482,M123,M482,Success Academy Charter School - Harlem 5,5,40.820216,-73.944551,4985859.622199997,-8231469.7643
84M483,MAVC,M483,New York French-American Charter School,3,40.807537,-73.954228,4983994.7289,-8232547.0030000005
84M518,MBMC,M518,East Harlem Scholars Academy Charter School,4,40.79001,-73.942482,4981417.3532000035,-8231239.4442
84M522,MBDF,M522,Broome Street Academy Charter High School,2,40.723911,-74.004692,4971703.495499998,-8238164.629799999
84M523,M470,M523,Success Academy Charter School - Upper West,3,40.786134,-73.974483,4980847.472499996,-8234801.7793000005
84M702,M223,M702,Sisulu-Walker Charter School of Harlem,5,40.816626,-73.951292,4985331.550099999,-8232220.1689
84M704,MAIV,M704,Harbor Science and Arts Charter School,4,40.795404,-73.944449,4982210.4777000025,-8231458.409700001
84M705,M170,M705,Amber Charter School East Harlem,4,40.790932,-73.943904,4981552.9179000035,-8231397.740499999
84M707,MAEG,M707,John V. Lindsay Wildcat Academy Charter School,2,40.705605,-74.015837,4969014.9663999975,-8239405.285499999
84M708,MADR,M708,Harlem Prep Charter School,4,40.801547,-73.935335,4983113.8125,-8230443.843800001
84M709,M194,M709,Harlem Village Academy West Charter School,5,40.821208,-73.941111,4986005.545699999,-8231086.825200001
84M726,M125,M726,KIPP S.T.A.R. College Preparatory Charter School,5,40.810793,-73.955722,4984473.6043,-8232713.314300001
84M861,M144,M861,Future Leaders Institute Charter School,3,40.806055,-73.948385,4983776.771899998,-8231896.563200001
84Q083,QCOD,Q083,Central Queens Academy Charter School,24,40.736886,-73.875053,4973609.529799998,-8223733.282299999
84Q170,QAGE,Q170,Peninsula Preparatory Academy Charter School,27,40.600659,-73.752565,4953616.205600001,-8210097.9805
84Q298,QABC,Q298,Middle Village Preparatory Charter School,24,40.710973,-73.888325,4969803.266500004,-8225210.7146000005
84Q304,QALJ,Q304,VOICE Charter School of New York,30,40.760376,-73.939984,4977061.169100001,-8230961.368100001
84Q320,Q400,Q320,New Visions Charter High School for Advanced Math,27,40.673949,-73.782684,4964367.519299999,-8213450.8122000005
84Q321,QARY,Q321,Growing Up Green Charter School,30,40.753503,-73.93562,4976051.118799999,-8230475.5699000005
84Q337,Q374,Q337,Success Academy Charter School - Rosedale,29,40.655811,-73.738793,4961705.656800002,-8208564.888499999
84Q339,Q059,Q339,Success Academy Charter School - Springfield Garde,29,40.681881,-73.752772,4965531.816399999,-8210121.023600001
84Q340,QAAT,Q340,Challenge Preparatory Charter School,27,40.600137,-73.764065,4953539.672899999,-8211378.1546
84Q341,QAFE,Q341,Riverton Street Charter School,29,40.68943,-73.763609,4966640.023599997,-8211327.392999999
84Q342,QBAW,Q342,Rochdale Early Advantage Charter School,28,40.680016,-73.778613,4965258.0502,-8212997.6306
84Q359,QABE,Q359,Academy of the City Charter School,30,40.756181,-73.902197,4976444.6630000025,-8226754.9385
84Q372,QACG,Q372,Growing Up Green Charter School II,28,40.713084,-73.807561,4970113.2880000025,-8216220.1072
84Q373,Q410,Q373,New Visions Charter High School for the Humanities,27,40.586012,-73.825317,4951468.970399998,-8218196.6961
84Q374,Q781,Q374,Success Academy Charter School - South Jamaica,27,40.675626,-73.799756,4964613.665799998,-8215351.2586
84Q375,Q053,Q375,Success Academy Charter School - Far Rockaway,27,40.604019,-73.749891,4954108.844499998,-8209800.3122000005
84Q380,QBZZ,Q380,Forte Preparatory Academy Charter School,24,40.737387,-73.87786,4973683.134400003,-8224045.756100001
84Q385,QCPP,Q385,Elm Community Charter School,24,40.73793,-73.883528,4973762.910099998,-8224676.715
84Q386,QBQB,Q386,Our World Neighborhood Charter School 2,27,40.671281,-73.856042,4963975.928499997,-8221616.987400001
84Q387,QCNB,Q387,Valence College Preparatory Charter School,28,40.729413,-73.858853,4972511.696800001,-8221929.9065000005
84Q388,QCOM,Q388,New Dawn Charter High School II,28,40.706074,-73.799776,4969083.837300003,-8215353.484999999
84Q414,QCPN,Q414,Renaissance Charter School 2,24,40.741153,-73.881555,4974236.435599998,-8224457.081599999
84Q416,QAOC,Q416,Achievement First Legacy Charter School,29,40.688263,-73.763472,4966468.6976,-8211312.142200001
84Q418,QCQV,Q418,Our World Neighborhood Charter School 3,24,40.750857,-73.858255,4975662.2927,-8221863.3375
84Q422,Q390,Q422,Success Academy Charter School - NYC 14,28,40.683802,-73.813926,4965813.810800001,-8216928.6558
84Q423,QCOD,Q423,Central Queens Academy Charter School II,24,40.736886,-73.875053,4973609.529799998,-8223733.282299999
84Q704,QACS,Q704,Merrick Academy - Queens Public Charter School,29,40.676318,-73.753009,4964715.237999998,-8210147.406400001
84Q705,Q885,Q705,Renaissance Charter School,30,40.749934,-73.884817,4975526.662799999,-8224820.205800001
84Q706,QAEA,Q706,Our World Neighborhood Charter School,30,40.755714,-73.924175,4976376.034100004,-8229201.518300001
84R012,RALZ,R012,New Ventures Charter School,31,40.605658,-74.180964,4954349.161600001,-8257787.139
84R067,RALZ,R067,John W. Lavelle Preparatory Charter School,31,40.605658,-74.180964,4954349.161600001,-8257787.139
84R070,RALZ,R070,Lois and Richard Nicotra Early College Charter Sch,31,40.605658,-74.180964,4954349.161600001,-8257787.139
84R073,RABC,R073,New World Preparatory Charter School,31,40.63324,-74.125447,4958394.2348000035,-8251607.014900001
84R076,R080,R076,Bridge Preparatory Charter School,31,40.607637,-74.105883,4954639.3386999965,-8249429.1603
84R077,RAKJ,R077,Hellenic Classical Charter School - Staten Island,31,40.608079,-74.161318,4954704.149599999,-8255600.156300001
84R083,RALZ,R083,Richmond Preparatory Charter School,31,40.605658,-74.180964,4954349.161600001,-8257787.139
84R088,RAMT,R088,Staten Island Hebrew Public Charter School,31,40.575685,-74.083179,4949955.325499997,-8246901.762599999
84X124,X193,X124,Children's Aid College Preparatory Charter School,12,40.843705,-73.890145,4989315.448700003,-8225413.316
84X133,X004,X133,Icahn Charter School 6,9,40.841758,-73.897943,4989028.949199997,-8226281.385399999
84X165,XBPV,X165,Grand Concourse Academy Charter School,8,40.818442,-73.858773,4985598.671599999,-8221921.001
84X177,X862,X177,Mott Hall Charter School,9,40.83093,-73.901859,4987435.770900004,-8226717.3126
84X185,X716,X185,Pharos Academy Charter School,12,40.823228,-73.897394,4986302.695200004,-8226220.271
84X200,X401,X200,New Visions AIM Charter High School II,12,40.823124,-73.898265,4986287.396200001,-8226317.2303
84X202,X650,X202,New Visions Charter High School for Advanced Math,8,40.821723,-73.902892,4986081.303300001,-8226832.305600001
84X208,X650,X208,New Visions Charter High School for the Humanities,8,40.821723,-73.902892,4986081.303300001,-8226832.305600001
84X233,XAGV,X233,Family Life Academy Charter School II,7,40.811562,-73.925416,4984586.7082,-8229339.6658
84X255,XAJK,X255,Bronx Charter School for Excellence,11,40.834025,-73.858533,4987891.127300002,-8221894.2842999995
84X309,XAXD,X309,South Bronx Charter School for International Cultu,7,40.803052,-73.918037,4983335.137100004,-8228518.2393
84X345,X074,X345,Leaders In Our Neighborhood Charter School,8,40.815827,-73.885284,4985214.024899997,-8224872.192
84X346,X116,X346,South Bronx Classical Charter School,12,40.822056,-73.894368,4986130.288599998,-8225883.418299999
84X347,XBAA,X347,International Leadership Charter High School,10,40.880853,-73.909955,4994783.361100003,-8227618.555199999
84X362,X093,X362,Icahn Charter School 7,8,40.822522,-73.877274,4986198.839000002,-8223980.5229
84X364,X154,X364,South Bronx Classical Charter School II,7,40.808194,-73.925459,4984091.355099998,-8229344.452500001
84X378,X498,X378,Icahn Charter School 2,11,40.845023,-73.857989,4989509.3961,-8221833.726500001
84X380,X145,X380,Success Academy Charter School - Bronx 3,9,40.827438,-73.914067,4986922.0309000015,-8228076.300899999
84X387,XAEJ,X387,Brilla College Preparatory Charter School,7,40.812804,-73.919316,4984769.383400001,-8228660.616900001
84X389,X156,X389,Bronx Global Learning Institute for Girls Charter,7,40.823014,-73.922527,4986271.214599997,-8229018.0638
84X393,X162,X393,University Prep Charter High School,7,40.814857,-73.912038,4985071.349100001,-8227850.433700001
84X394,XASK,X394,Mott Haven Charter School,7,40.806389,-73.92115,4983825.892700002,-8228864.776900001
84X395,XAEU,X395,"NYC Charter High School for Architecture, Engineer",7,40.821682,-73.910421,4986075.272100002,-8227670.43
84X398,XAUT,X398,Bronx Community Charter School,10,40.872455,-73.875451,4993546.968900003,-8223777.587400001
84X407,XAFR,X407,Bronx Charter School for Children,7,40.81264,-73.919913,4984745.261799999,-8228727.0746
84X419,XAUV,X419,Bronx Academy of Promise Charter School,9,40.839503,-73.919597,4988697.1382,-8228691.897700001
84X422,XAGA,X422,Icahn Charter School 3,11,40.856531,-73.843013,4991202.994900003,-8220166.605799999
84X429,XABN,X429,Charter High School for Law and Social Justice,10,40.853728,-73.911708,4990790.458499998,-8227813.6982
84X460,XAZI,X460,Atmosphere Academy Public Charter School,10,40.875161,-73.910426,4993945.341600001,-8227670.9866
84X461,XAWW,X461,Nuasin Next Generation Charter School,9,40.834599,-73.929797,4987975.580200002,-8229827.3565
84X464,X131,X464,Success Academy Charter School - Bronx 4,8,40.822925,-73.859998,4986258.122199997,-8222057.3674
84X465,XBCA,X465,Boys Preparatory Charter School of New York,7,40.820298,-73.927397,4985871.684299998,-8229560.1897
84X471,X030,X471,American Dream Charter School,7,40.809023,-73.917417,4984213.279100001,-8228449.2212000005
84X472,XBAV,X472,Family Life Academy Charter School III,7,40.816245,-73.929949,4985275.508500002,-8229844.2771000005
84X482,X158,X482,Dr. Richard Izquierdo Health and Science Charter S,12,40.826933,-73.900593,4986847.737899996,-8226576.382099999
84X484,X144,X484,Bronx Charter School for Better Learning II,11,40.863842,-73.836525,4992279.086300001,-8219444.3649
84X486,XAAV,X486,Rosalyn Yalow Charter School,7,40.820059,-73.925045,4985836.527599998,-8229298.3663
84X487,X052,X487,Girls Preparatory Charter School of the Bronx,8,40.816078,-73.901599,4985250.944399998,-8226688.3695
84X488,X160,X488,The Equality Charter School,11,40.864073,-73.823816,4992313.0886999965,-8218029.6055
84X489,XBBZ,X489,South Bronx Classical Charter School III,9,40.829793,-73.906403,4987268.493500002,-8227223.1483
84X491,X065,X491,Academic Leadership Charter School,7,40.807916,-73.912557,4984050.468999997,-8227908.2085
84X492,XBBM,X492,South Bronx Early College Academy Charter School,8,40.818069,-73.904223,4985543.805200003,-8226980.4717999995
84X493,X183,X493,Success Academy Charter School - Bronx 1,7,40.813681,-73.925995,4984898.3759,-8229404.1197999995
84X494,X055,X494,Success Academy Charter School - Bronx 2,9,40.835934,-73.90497,4988172.002300002,-8227063.6274999995
84X496,XAGA,X496,Icahn Charter School 4,11,40.856531,-73.843013,4991202.994900003,-8220166.605799999
84X497,XBBX,X497,Storefront Academy Charter School,7,40.814952,-73.908773,4985085.322400004,-8227486.975500001
84X538,XAGA,X538,Icahn Charter School 5,11,40.856531,-73.843013,4991202.994900003,-8220166.605799999
84X539,X475,X539,New Visions Charter High School for Advanced Math,10,40.877379,-73.912686,4994271.8838,-8227922.568700001
84X553,X475,X553,New Visions Charter High School for the Humanities,10,40.877379,-73.912686,4994271.8838,-8227922.568700001
84X554,XAFI,X554,Choice Charter School,7,40.808703,-73.921888,4984166.215400003,-8228946.930600001
84X579,XACO,X579,Bronx Charter School for Excellence 2,11,40.845897,-73.864154,4989638.009800002,-8222520.0112
84X581,XCIN,X581,South Bronx Community Charter High School,9,40.828578,-73.908399,4987089.743699998,-8227445.342
84X585,XATI,X585,Legacy College Preparatory Charter School,7,40.813077,-73.919979,4984809.537100002,-8228734.421700001
84X586,XBUD,X586,Brilla Veritas Charter School,7,40.818945,-73.909565,4985672.6608000025,-8227575.1406
84X587,X198,X587,NYC Autism Charter School Bronx,12,40.828406,-73.900121,4987064.439499997,-8226523.839299999
84X588,XBVI,X588,South Bronx Classical Charter School IV,7,40.823885,-73.923271,4986399.344300002,-8229100.885500001
84X589,XAEF,X589,Bronx Charter School for Excellence 3,11,40.888351,-73.862924,4995887.383699998,-8222383.088199999
84X592,XAFJ,X592,Amber Charter School Kingsbridge,10,40.880738,-73.907295,4994766.429200001,-8227322.4453
84X597,X420,X597,Urban Assembly Charter School for Computer Science,12,40.832508,-73.878191,4987667.933799997,-8224082.6028
84X598,X044,X598,KIPP Freedom Charter School,12,40.842564,-73.891086,4989147.550399996,-8225518.0677000005
84X599,XAAI,X599,Cardinal McCloskey Community Charter School,10,40.851395,-73.887345,4990447.108499996,-8225101.6215
84X606,XBPS,X606,Emblaze Academy Charter School,8,40.820102,-73.88819,4985842.852899998,-8225195.6864
84X608,XACD,X608,Bronx Charter School for Excellence 4,11,40.898907,-73.841278,4997441.885200001,-8219973.466499999
84X609,XCKK,X609,Zeta Charter Schools - South Bronx,7,40.816452,-73.915977,4985305.956299998,-8228288.9211
84X610,XCHN,X610,Urban Dove Team Charter School II,8,40.815506,-73.903309,4985166.809299998,-8226878.7258
84X611,XCGA,X611,AECI II: NYC Charter High School for Computer Engi,9,40.836945,-73.917332,4988320.756099999,-8228439.759
84X612,XBPM,X612,Creo College Preparatory Charter School,7,40.816145,-73.919432,4985260.799500003,-8228673.529999999
84X613,XBAY,X613,Bold Charter School,8,40.825121,-73.881894,4986581.170699999,-8224494.8189
84X614,XCKQ,X614,Dream Charter School Mott Haven,7,40.807365,-73.928762,4983969.432700001,-8229712.140799999
84X615,X155,X615,University Prep Charter Middle School,7,40.811051,-73.909363,4984511.5506,-8227552.653999999
84X616,XCLB,X616,KIPP Bronx Charter School II,10,40.868781,-73.896376,4993006.115099996,-8226106.947799999
84X617,XCHO,X617,KIPP Bronx Charter School III,7,40.818347,-73.929502,4985584.697499998,-8229794.517200001
84X619,XAGG,X619,Bronx Arts and Science Charter School,8,40.825715,-73.838299,4986668.554499999,-8219641.8456999995
84X620,XADW,X620,Bronx Charter School for Excellence 5,9,40.847487,-73.89654,4989871.991099998,-8226125.2042
84X623,XBPP,X623,Neighborhood Charter School: Bronx,7,40.808963,-73.909019,4984204.454599999,-8227514.360099999
84X627,XBTY,X627,Capital Preparatory Bronx Charter School,11,40.879852,-73.826791,4994635.980999999,-8218360.7809999995
84X628,XAEG,X628,Brilla Caritas Charter School,10,40.8623,-73.906158,4992052.112599999,-8227195.875
84X629,XAEG,X629,Brilla Pax Charter School,10,40.8623,-73.906158,4992052.112599999,-8227195.875
84X630,X886,X630,Girls Preparatory Charter School of the Bronx II,10,40.869142,-73.901821,4993059.256999999,-8226713.0824
84X631,XCGI,X631,Zeta Charter School – Mount Eden,9,40.838714,-73.918794,4988581.043799996,-8228602.508099999
84X632,XCHM,X632,Zeta Charter School – Tremont Park,12,40.84539,-73.893499,4989563.401900001,-8225786.681600001
84X633,XAMJ,X633,Wildflower New York Charter School,9,40.832956,-73.902409,4987733.846699998,-8226778.5383
84X634,XACP,X634,Stradford Preparatory Charter School for Boys,11,40.850089,-73.850735,4990254.908299997,-8221026.2149
84X635,XACJ,X635,Earl Monroe New Renaissance Basketball Charter Sch,8,40.845321,-73.827252,4989553.248199999,-8218412.099300001
84X637,XCKH,X637,Success Academy Charter School – Bronx 5 Lower,7,40.806741,-73.915228,4983877.660999998,-8228205.5428
84X638,XCKH,X638,Success Academy Charter School – Bronx 5 Upper,7,40.806741,-73.915228,4983877.660999998,-8228205.5428
84X639,X874,X639,Dream Charter School Highbridge,9,40.832648,-73.911906,4987688.5315999985,-8227835.739499999
84X640,XBAM,X640,Family Life Academy Charter Schools High School,7,40.823695,-73.910589,4986371.3939,-8227689.1317
84X645,X511,X645,Success Academy Charter School - NYC 5,11,40.876633,-73.864113,4994162.0537,-8222515.4471
84X646,X511,X646,Success Academy Charter School - NYC 6,11,40.876633,-73.864113,4994162.0537,-8222515.4471
84X647,X521,X647,Success Academy Charter School - NYC 12,8,40.828911,-73.851483,4987138.734099999,-8221109.481899999
84X703,XAFP,X703,Bronx Preparatory Charter School,9,40.839072,-73.900123,4988633.720200002,-8226524.061899999
84X704,X151,X704,KIPP Academy Charter School,7,40.822574,-73.92114,4986206.488399997,-8228863.663699999
84X705,XABC,X705,Family Life Academy Charter School,9,40.840262,-73.918665,4988808.819600001,-8228588.1479
84X706,X256,X706,Harriet Tubman Charter School,9,40.832328,-73.905771,4987641.451099999,-8227152.794399999
84X717,X717,X717,Icahn Charter School 1,9,40.838654,-73.904703,4988572.215400003,-8227033.905200001
84X718,X937,X718,Bronx Charter School for Better Learning,11,40.884371,-73.839288,4995301.343800001,-8219751.9407
84X730,XAFM,X730,Bronx Charter School for the Arts,8,40.821815,-73.886477,4986094.8367,-8225004.996099999
84X886,X886,X886,Success Academy Charter School - NYC 7,10,40.869142,-73.901821,4993059.256999999,-8226713.0824
88K607,K799,K607,ALC - Melrose Academy,32,40.702332,-73.929693,4968534.351800002,-8229815.7793000005
88K952,K258,K952,ALC - Park Place Academy,13,40.68192,-73.9456,4965537.541299999,-8231586.5384
88K982,K883,K982,ALC - Albany,17,40.670841,-73.938969,4963911.349799998,-8230848.378900001
88K984,K620,K984,ALC- Brighton Academy,21,40.583263,-73.963764,4951066.0222999975,-8233608.545600001
88K987,K460,K987,ALC - John Jay,15,40.669255,-73.97858,4963678.5766,-8235257.8552
88K988,K258,K988,ALC - Fundamentals Academy,13,40.68192,-73.9456,4965537.541299999,-8231586.5384
88K991,K867,K991,ALC - P.S. 138K ANNEX,17,40.67377,-73.944961,4964341.246399999,-8231515.405200001
88K992,K799,K992,ALC - Brooklyn Choices,32,40.702332,-73.929693,4968534.351800002,-8229815.7793000005
88M971,M233,M971,ALC - Washington Heights,6,40.850819,-73.933042,4990362.3398,-8230188.588199999
88M982,M913,M982,ALC - BATTERY PARK,2,40.706232,-74.01244,4969107.039099999,-8239027.133199999
88M992,M501,M992,ALC - Choir Academy,5,40.807019,-73.938714,4983918.546300001,-8230819.9924
88M994,M233,M994,ALC - Cloisters,6,40.850819,-73.933042,4990362.3398,-8230188.588199999
88Q975,Q883,Q975,ALC - Royal 180 Academy,28,40.702776,-73.805044,4968599.5484,-8215939.916099999
88Q985,Q859,Q985,ALC - LINDEN ACADEMY,25,40.769649,-73.833164,4978424.086900003,-8219070.2201000005
88Q987,Q883,Q987,ALC - JAMAICA ACADEMY,28,40.702776,-73.805044,4968599.5484,-8215939.916099999
88Q995,Q400,Q995,ALC - August Martin HS,27,40.673949,-73.782684,4964367.519299999,-8213450.8122000005
88Q996,Q410,Q996,ALC - Beach Channel Educational Complex,27,40.586012,-73.825317,4951468.970399998,-8218196.6961
88R971,R801,R971,ALC - ST. Marks Place,31,40.638388,-74.077564,4959149.406300001,-8246276.7037
88R991,R818,R991,ALC - P.S. 37,31,40.554498,-74.14837,4946850.644000001,-8254158.7916
88X607,XAJF,X607,ALC - Lafayette Academy,8,40.817257,-73.890918,4985424.365199998,-8225499.366
88X966,X988,X966,ALC - BRONX EDUCATIONAL CENTER,8,40.816494,-73.890278,4985312.134099998,-8225428.1215
88X994,X358,X994,ALC - Crotona Academy,12,40.829306,-73.892243,4987196.8461000025,-8225646.8643
88X995,X896,X995,ALC - Rose Hill Academy,10,40.857248,-73.903165,4991308.523500003,-8226862.695800001
88X996,X450,X996,ALC - Stevenson Campus,8,40.821218,-73.85593,4986007.0167,-8221604.5197
93M359,M882,M359,Dream Program,2,40.747398,-73.992832,4975154.0207,-8236844.3806
